[{
  "_id": {
    "$oid": "60a692ff15ba5f1f7c19456c"
  },
  "CourseId": "c1",
  "Course": "Intro To BI"
},{
  "_id": {
    "$oid": "60a692ff15ba5f1f7c19456d"
  },
  "CourseId": "c2",
  "Course": "Data Ware House"
},{
  "_id": {
    "$oid": "60a692ff15ba5f1f7c19456e"
  },
  "CourseId": "c3",
  "Course": "MS Excel"
},{
  "_id": {
    "$oid": "60a692ff15ba5f1f7c19456f"
  },
  "CourseId": "c4",
  "Course": "Probablility and Statistics"
},{
  "_id": {
    "$oid": "60a692ff15ba5f1f7c194571"
  },
  "CourseId": "c6",
  "Course": "MS SQL"
},{
  "_id": {
    "$oid": "60a692ff15ba5f1f7c194572"
  },
  "CourseId": "c7",
  "Course": "MDDM"
},{
  "_id": {
    "$oid": "60a692ff15ba5f1f7c194573"
  },
  "CourseId": "c8",
  "Course": "NO SQL and MongoDB"
},{
  "_id": {
    "$oid": "60a692ff15ba5f1f7c194574"
  },
  "CourseId": "c9",
  "Course": "SSIS"
},{
  "_id": {
    "$oid": "60a692ff15ba5f1f7c194575"
  },
  "CourseId": "c10",
  "Course": "SSAS"
},{
  "_id": {
    "$oid": "60a692ff15ba5f1f7c194576"
  },
  "CourseId": "c11",
  "Course": "SSRS"
},{
  "_id": {
    "$oid": "60a692ff15ba5f1f7c194577"
  },
  "CourseId": "c12",
  "Course": "Into to Agile"
}]