[{
  "_id": {
    "$oid": "60a60bc971de7519b8859836"
  },
  "Manager_Id": 1,
  "Name": "Sunandhi",
  "Username": "Sunandhi.ADM",
  "Password": "Infy@123"
},{
  "_id": {
    "$oid": "60a60bc971de7519b8859837"
  },
  "Manager_Id": 2,
  "Name": "Tarun",
  "Username": "Tarun.ADM",
  "Password": "Infy@123"
},{
  "_id": {
    "$oid": "60a60bc971de7519b8859838"
  },
  "Manager_Id": 3,
  "Name": "Uday",
  "Username": "Uday.ADM",
  "Password": "Infy@123"
},{
  "_id": {
    "$oid": "60a60bc971de7519b8859839"
  },
  "Manager_Id": 4,
  "Name": "Vaishnavi",
  "Username": "Vaishnavi.ADM",
  "Password": "Infy@123"
}]