[{
  "_id": {
    "$oid": "60af429df4b3733930e99571"
  },
  "Batch_Id": 1,
  "Name": "Student1",
  "Password": "$2a$10$lj4zV5b218S6MMxP8zFgveoI4EMNHglcgD8kjTH91ndH8SudLkNxu",
  "Student_Id": 1,
  "UserName": "Student1.TRN"
},{
  "_id": {
    "$oid": "60af429df4b3733930e99572"
  },
  "Batch_Id": 1,
  "Name": "Student2",
  "Password": "$2a$10$md/Sjm.Cwg1R6bS4gboF9.gGirZf5p1Age/otAvlWjlFFdcgGaNVK",
  "Student_Id": 2,
  "UserName": "Student2.TRN"
},{
  "_id": {
    "$oid": "60af429df4b3733930e99573"
  },
  "Batch_Id": 1,
  "Name": "Student3",
  "Password": "$2a$10$jNQjMqCKIo/FMc2CUmMiCee.xRBY6Bqpu7DOLFtQMjzUQlhWXCRmW",
  "Student_Id": 3,
  "UserName": "Student3.TRN"
},{
  "_id": {
    "$oid": "60af429df4b3733930e99574"
  },
  "Batch_Id": 1,
  "Name": "Student4",
  "Password": "$2a$10$PwUZEGaR/CSMuYuOtQD0D.Nfhr4JnJhOG6k9PvxMBG3aCPj7F.jSq",
  "Student_Id": 4,
  "UserName": "Student4.TRN"
},{
  "_id": {
    "$oid": "60af429df4b3733930e99575"
  },
  "Batch_Id": 1,
  "Name": "Student5",
  "Password": "$2a$10$pwStZz.y1cv.Y78zdJh/DuQGjM8.zydUVMtlZvZN/wGogDosrHK2.",
  "Student_Id": 5,
  "UserName": "Student5.TRN"
},{
  "_id": {
    "$oid": "60af429df4b3733930e99576"
  },
  "Batch_Id": 1,
  "Name": "Student6",
  "Password": "$2a$10$mpCPnZwtXgsiGxuKHOwXuumJFmKCtzYw5f685dm2kVgGllg9w4wOa",
  "Student_Id": 6,
  "UserName": "Student6.TRN"
},{
  "_id": {
    "$oid": "60af429df4b3733930e99577"
  },
  "Batch_Id": 1,
  "Name": "Student7",
  "Password": "$2a$10$fu52fcUj9axo5M28eR78IuGn.ca4ad0vGT6EdSz3fhiSjwPUTT8sS",
  "Student_Id": 7,
  "UserName": "Student7.TRN"
},{
  "_id": {
    "$oid": "60af429df4b3733930e99578"
  },
  "Batch_Id": 1,
  "Name": "Student8",
  "Password": "$2a$10$K6zGBCm2GQ3ODKaFU0W58O4zUW1MjTDqytjMGw7oV1fdgBC8KxMNi",
  "Student_Id": 8,
  "UserName": "Student8.TRN"
},{
  "_id": {
    "$oid": "60af429df4b3733930e99579"
  },
  "Batch_Id": 1,
  "Name": "Student9",
  "Password": "$2a$10$esGRuoYaYKmxvNDwvSuv/.N3BTJ7Xpph8XLTpIJD...ayRIPGKRHW",
  "Student_Id": 9,
  "UserName": "Student9.TRN"
},{
  "_id": {
    "$oid": "60af429df4b3733930e9957a"
  },
  "Batch_Id": 2,
  "Name": "Student10",
  "Password": "$2a$10$2z5kff9ZG6/yuq1GbyMQ9eCd56wtauWk7kmgDZsI80NROwXDH/gTi",
  "Student_Id": 10,
  "UserName": "Student10.TRN"
},{
  "_id": {
    "$oid": "60af429df4b3733930e9957b"
  },
  "Batch_Id": 2,
  "Name": "Student11",
  "Password": "$2a$10$FrCqvfhg.YVNF0fCFPiLWuVmfJibjiCtoOcD/YOPJIhxxDqoWgR12",
  "Student_Id": 11,
  "UserName": "Student11.TRN"
},{
  "_id": {
    "$oid": "60af429df4b3733930e9957c"
  },
  "Batch_Id": 2,
  "Name": "Student12",
  "Password": "$2a$10$buCmU3BBBjm7s1LH5ig1KOZ3rxMhZvZId1g0Tto.olN/7/J//PFsC",
  "Student_Id": 12,
  "UserName": "Student12.TRN"
},{
  "_id": {
    "$oid": "60af429df4b3733930e9957d"
  },
  "Batch_Id": 2,
  "Name": "Student13",
  "Password": "$2a$10$pD7PlhTvSEfNku/VtiLYlewdYEwYSq/aKNOBE99vkQFxPQ8K8i1me",
  "Student_Id": 13,
  "UserName": "Student13.TRN"
},{
  "_id": {
    "$oid": "60af429df4b3733930e9957e"
  },
  "Batch_Id": 2,
  "Name": "Student14",
  "Password": "$2a$10$vtwqINkbj4Bf0yvNwvs5meVPwIHbLI7EmzTjXUXnTjAftHbOtIJjO",
  "Student_Id": 14,
  "UserName": "Student14.TRN"
},{
  "_id": {
    "$oid": "60af429df4b3733930e9957f"
  },
  "Batch_Id": 2,
  "Name": "Student15",
  "Password": "$2a$10$5UNz66/cKeiNlOdrn1IfS.TPv7KBv/Yb78LlzT6wNUR0VRRE51JQW",
  "Student_Id": 15,
  "UserName": "Student15.TRN"
},{
  "_id": {
    "$oid": "60af429df4b3733930e99580"
  },
  "Batch_Id": 2,
  "Name": "Student16",
  "Password": "$2a$10$FEqIRn3RdTlgbBHjVRYBp.PogKLLZteUsVXOWPILtmw.CWZM5S.4C",
  "Student_Id": 16,
  "UserName": "Student16.TRN"
},{
  "_id": {
    "$oid": "60af429df4b3733930e99581"
  },
  "Batch_Id": 2,
  "Name": "Student17",
  "Password": "$2a$10$HbyiCCQ4R8YJknfJx/dFwe2/J3VEz/fpQIAIHnP6k4jlLUcbMEJwK",
  "Student_Id": 17,
  "UserName": "Student17.TRN"
},{
  "_id": {
    "$oid": "60af429df4b3733930e99582"
  },
  "Batch_Id": 2,
  "Name": "Student18",
  "Password": "$2a$10$ocMhjKl59oucKUADyGCgsOyCiGakef74dhUf8MVdVuAT0.a6whbuy",
  "Student_Id": 18,
  "UserName": "Student18.TRN"
},{
  "_id": {
    "$oid": "60af429df4b3733930e99583"
  },
  "Batch_Id": 2,
  "Name": "Student19",
  "Password": "$2a$10$Q6lUbKd.9.c2m5vMq6QK/.6bL1NGh5noLZKYZfwg8QIwDaSP968m2",
  "Student_Id": 19,
  "UserName": "Student19.TRN"
},{
  "_id": {
    "$oid": "60af429df4b3733930e99584"
  },
  "Batch_Id": 2,
  "Name": "Student20",
  "Password": "$2a$10$gsWBaXi4eSHCXn7WcfBkIOEn3IITgyFc4A.xCfraNweBQVXZjXi/m",
  "Student_Id": 20,
  "UserName": "Student20.TRN"
},{
  "_id": {
    "$oid": "60af429df4b3733930e99585"
  },
  "Batch_Id": 3,
  "Name": "Student21",
  "Password": "$2a$10$oXuGRt4S2Al.aSDiO8PBC.W3jIi7t7zU4DZ1ir2hba2s3laD8R4wK",
  "Student_Id": 21,
  "UserName": "Student21.TRN"
},{
  "_id": {
    "$oid": "60af429df4b3733930e99586"
  },
  "Batch_Id": 3,
  "Name": "Student22",
  "Password": "$2a$10$3rD/M1JYh86r.KJNvEJoceWBK.80pepj2adEMhCgT3cs3jbprxboW",
  "Student_Id": 22,
  "UserName": "Student22.TRN"
},{
  "_id": {
    "$oid": "60af429df4b3733930e99587"
  },
  "Batch_Id": 3,
  "Name": "Student23",
  "Password": "$2a$10$5BL/mbnEzgzN94mvDxnN1uSTm4DR3/qAKLGlooWdTzYWnpWaCjK02",
  "Student_Id": 23,
  "UserName": "Student23.TRN"
},{
  "_id": {
    "$oid": "60af429df4b3733930e99588"
  },
  "Batch_Id": 3,
  "Name": "Student24",
  "Password": "$2a$10$LU4QPTOzEbdwFrQxkuI1Pu5B7Pe6REUKIV/lPSmj1SmtMaxAx/t6G",
  "Student_Id": 24,
  "UserName": "Student24.TRN"
},{
  "_id": {
    "$oid": "60af429df4b3733930e99589"
  },
  "Batch_Id": 3,
  "Name": "Student25",
  "Password": "$2a$10$eDlOSKHGEmeZqk7b6xu/9uZHe3iWqwCnytK4RT3UUbJw9JilcIimK",
  "Student_Id": 25,
  "UserName": "Student25.TRN"
},{
  "_id": {
    "$oid": "60af429df4b3733930e9958a"
  },
  "Batch_Id": 3,
  "Name": "Student26",
  "Password": "$2a$10$MBHh8Cr7UM1WX2takw0I/.e21a/eGchBF.hARHQ6exvgAXfREpCjS",
  "Student_Id": 26,
  "UserName": "Student26.TRN"
},{
  "_id": {
    "$oid": "60af429df4b3733930e9958b"
  },
  "Batch_Id": 3,
  "Name": "Student27",
  "Password": "$2a$10$F9f5akQM.sBf7Pew3Sqk8.GVMnE6JBDJsRdTf65aEh2H7vdw2LyX6",
  "Student_Id": 27,
  "UserName": "Student27.TRN"
},{
  "_id": {
    "$oid": "60af429df4b3733930e9958c"
  },
  "Batch_Id": 3,
  "Name": "Student28",
  "Password": "$2a$10$1e3msdZguLCZ.42YKuqbP.a1DUG.bc2dt0k4tAZ7FWbscfY2OBbnW",
  "Student_Id": 28,
  "UserName": "Student28.TRN"
},{
  "_id": {
    "$oid": "60af429df4b3733930e9958d"
  },
  "Batch_Id": 3,
  "Name": "Student29",
  "Password": "$2a$10$Sf6proLapBk172DL//KL4.gUTx7jtQtPRHOlJl82TF1kO9IXHUxkK",
  "Student_Id": 29,
  "UserName": "Student29.TRN"
},{
  "_id": {
    "$oid": "60af429df4b3733930e9958e"
  },
  "Batch_Id": 3,
  "Name": "Student30",
  "Password": "$2a$10$23xm4wFLCo2J1Z8U6F1.cucMQyDt6vDVkRwu.OD/uUbBoUfta8YgG",
  "Student_Id": 30,
  "UserName": "Student30.TRN"
},{
  "_id": {
    "$oid": "60af429df4b3733930e9958f"
  },
  "Batch_Id": 3,
  "Name": "Student31",
  "Password": "$2a$10$/62mokie9DaRxCS0myBHVe.sCXOdi32olFldO98041IlzRZV3/hTK",
  "Student_Id": 31,
  "UserName": "Student31.TRN"
},{
  "_id": {
    "$oid": "60af429df4b3733930e99590"
  },
  "Batch_Id": 1,
  "Name": "Student32",
  "Password": "$2a$10$ZtGhm26jEB9Hdb49OOwNRuOFJ7iZOyvdQCu6pVz9M7t8ypC9rpOZ6",
  "Student_Id": 32,
  "UserName": "Student32.TRN"
},{
  "_id": {
    "$oid": "60af429df4b3733930e99591"
  },
  "Batch_Id": 3,
  "Name": "Mohan",
  "Password": "$2a$10$KFiSVhscSwCI8r0neG88tey.CWfS5BTjaLvnLqvm3tkdQL67ul9pi",
  "Student_Id": 33,
  "UserName": "Mohan.TRN"
},{
  "_id": {
    "$oid": "60af42dbf4b3733930e995d4"
  },
  "Student_Id": 34,
  "Name": "student34",
  "Batch_Id": 2,
  "Password": "$2a$10$1hikcqCqIsYmFN0n2CvSbexMIOmetqPxEaeYf4Ax2zOtBTQuA83KW",
  "UserName": "student34.TRN"
},{
  "_id": {
    "$oid": "60afa1847b08e612c415a198"
  },
  "Student_Id": 35,
  "Name": "Siri",
  "Batch_Id": 3,
  "Password": "$2a$10$Xfv5gtxwcD77OOFysXI43.CE6EB29lm89W813AMzphFYSVuLiGsaC",
  "UserName": "Siri.TRN"
},{
  "_id": {
    "$oid": "60afa2b17b08e612c415a19b"
  },
  "Student_Id": 36,
  "Name": "sandeep",
  "Batch_Id": 3,
  "Password": "$2a$10$4E0Ktt8xUsylZH9oPSriNODW4CIZ62pXZdvcOebqtlKQGLtx4kdIW",
  "UserName": "sandeep.TRN"
},{
  "_id": {
    "$oid": "60afa5947b08e612c415a19f"
  },
  "Student_Id": 37,
  "Name": "student37",
  "Batch_Id": 2,
  "Password": "$2a$10$0fZqOX4xaq5fYWrLEVsfPuz8QSFFsG1Bskb10Udz1KT0wg4LWUV8m",
  "UserName": "student37.TRN"
},{
  "_id": {
    "$oid": "60afa8af7eefbe184c2d81ef"
  },
  "Student_Id": 38,
  "Name": "siri2",
  "Batch_Id": 2,
  "Password": "$2a$10$M3mx1wSOjhT7QPVFFqnlx.gu7IyJN8zehkkRM48DfTN3uXrpb7ZUq",
  "UserName": "siri2.TRN"
},{
  "_id": {
    "$oid": "60afaae17eefbe184c2d81f2"
  },
  "Student_Id": 39,
  "Name": "siri3",
  "Batch_Id": 1,
  "Password": "$2a$10$qO748vYfBf9KjJZoU2PfdePYw1VxuvXJR2LNRzbDrd3DxysaNQx/i",
  "UserName": "siri3.TRN"
},{
  "_id": {
    "$oid": "60afabcf87ff35381463b152"
  },
  "Student_Id": 40,
  "Name": "siri4",
  "Batch_Id": 2,
  "Password": "$2a$10$68DGEGAk9zm06KGyTZpCa.reniCqvmFMXfxazaOUWiVdFHdQjnL4y",
  "UserName": "siri4.TRN"
}]