[{
  "_id": {
    "$oid": "60ae4bd092e63921f43834ea"
  },
  "studentId": 31,
  "educatorId": 12,
  "date": "14-01-2021",
  "subject": "BI",
  "presenting": 3,
  "friendly": 5,
  "efficiency": 2,
  "Time_Utilization": 5,
  "Examples": 1,
  "Doubts": 1,
  "Knowledge": 3,
  "Suggestions": "Good"
},{
  "_id": {
    "$oid": "60ae4bd092e63921f43834eb"
  },
  "studentId": 16,
  "educatorId": 6,
  "date": "01-01-2021",
  "subject": "Data Warehousing",
  "presenting": 4,
  "friendly": 3,
  "efficiency": 4,
  "Time_Utilization": 1,
  "Examples": 2,
  "Doubts": 1,
  "Knowledge": 5,
  "Suggestions": "Bad"
},{
  "_id": {
    "$oid": "60ae4bd092e63921f43834ec"
  },
  "studentId": 8,
  "educatorId": 2,
  "date": "23-03-2021",
  "subject": "MDDM",
  "presenting": 4,
  "friendly": 5,
  "efficiency": 4,
  "Time_Utilization": 4,
  "Examples": 5,
  "Doubts": 4,
  "Knowledge": 5,
  "Suggestions": "Very Good"
},{
  "_id": {
    "$oid": "60ae4bd092e63921f43834ed"
  },
  "studentId": 6,
  "educatorId": 12,
  "date": "06-01-2021",
  "subject": "Microsoft Excel",
  "presenting": 2,
  "friendly": 3,
  "efficiency": 5,
  "Time_Utilization": 3,
  "Examples": 1,
  "Doubts": 5,
  "Knowledge": 3,
  "Suggestions": "Needs Imporvement"
},{
  "_id": {
    "$oid": "60ae4bd092e63921f43834ee"
  },
  "studentId": 16,
  "educatorId": 6,
  "date": "28-01-2021",
  "subject": "Probability and Statistics",
  "presenting": 5,
  "friendly": 3,
  "efficiency": 4,
  "Time_Utilization": 2,
  "Examples": 1,
  "Doubts": 2,
  "Knowledge": 5,
  "Suggestions": "Exceptional"
},{
  "_id": {
    "$oid": "60ae4bd092e63921f43834ef"
  },
  "studentId": 9,
  "educatorId": 4,
  "date": "31-03-2021",
  "subject": "MongoDB and NoSQL",
  "presenting": 1,
  "friendly": 3,
  "efficiency": 3,
  "Time_Utilization": 1,
  "Examples": 5,
  "Doubts": 3,
  "Knowledge": 1,
  "Suggestions": "Good"
},{
  "_id": {
    "$oid": "60ae4bd092e63921f43834f0"
  },
  "studentId": 20,
  "educatorId": 2,
  "date": "07-03-2021",
  "subject": "SQL Server",
  "presenting": 4,
  "friendly": 1,
  "efficiency": 3,
  "Time_Utilization": 2,
  "Examples": 1,
  "Doubts": 4,
  "Knowledge": 3,
  "Suggestions": "Bad"
},{
  "_id": {
    "$oid": "60ae4bd092e63921f43834f1"
  },
  "studentId": 8,
  "educatorId": 4,
  "date": "10-02-2021",
  "subject": "SSIS",
  "presenting": 5,
  "friendly": 1,
  "efficiency": 5,
  "Time_Utilization": 2,
  "Examples": 5,
  "Doubts": 1,
  "Knowledge": 3,
  "Suggestions": "Very Good"
},{
  "_id": {
    "$oid": "60ae4bd092e63921f43834f2"
  },
  "studentId": 16,
  "educatorId": 7,
  "date": "04-02-2021",
  "subject": "SSAS",
  "presenting": 1,
  "friendly": 2,
  "efficiency": 5,
  "Time_Utilization": 1,
  "Examples": 1,
  "Doubts": 1,
  "Knowledge": 1,
  "Suggestions": "Needs Imporvement"
},{
  "_id": {
    "$oid": "60ae4bd092e63921f43834f3"
  },
  "studentId": 9,
  "educatorId": 12,
  "date": "09-03-2021",
  "subject": "SSRS",
  "presenting": 4,
  "friendly": 5,
  "efficiency": 5,
  "Time_Utilization": 1,
  "Examples": 4,
  "Doubts": 2,
  "Knowledge": 4,
  "Suggestions": "Exceptional"
},{
  "_id": {
    "$oid": "60ae4bd092e63921f43834f4"
  },
  "studentId": 21,
  "educatorId": 10,
  "date": "10-01-2021",
  "subject": "Intro to Agile",
  "presenting": 5,
  "friendly": 2,
  "efficiency": 1,
  "Time_Utilization": 3,
  "Examples": 2,
  "Doubts": 2,
  "Knowledge": 3,
  "Suggestions": "Good"
},{
  "_id": {
    "$oid": "60ae4bd092e63921f43834f5"
  },
  "studentId": 13,
  "educatorId": 1,
  "date": "27-03-2021",
  "subject": "BI",
  "presenting": 1,
  "friendly": 3,
  "efficiency": 5,
  "Time_Utilization": 3,
  "Examples": 1,
  "Doubts": 4,
  "Knowledge": 5,
  "Suggestions": "Bad"
},{
  "_id": {
    "$oid": "60ae4bd092e63921f43834f6"
  },
  "studentId": 12,
  "educatorId": 3,
  "date": "06-02-2021",
  "subject": "Data Warehousing",
  "presenting": 1,
  "friendly": 5,
  "efficiency": 2,
  "Time_Utilization": 3,
  "Examples": 4,
  "Doubts": 4,
  "Knowledge": 2,
  "Suggestions": "Very Good"
},{
  "_id": {
    "$oid": "60ae4bd092e63921f43834f7"
  },
  "studentId": 24,
  "educatorId": 10,
  "date": "03-03-2021",
  "subject": "MDDM",
  "presenting": 4,
  "friendly": 4,
  "efficiency": 4,
  "Time_Utilization": 3,
  "Examples": 3,
  "Doubts": 3,
  "Knowledge": 3,
  "Suggestions": "Needs Imporvement"
},{
  "_id": {
    "$oid": "60ae4bd092e63921f43834f8"
  },
  "studentId": 25,
  "educatorId": 5,
  "date": "18-03-2021",
  "subject": "Microsoft Excel",
  "presenting": 1,
  "friendly": 5,
  "efficiency": 4,
  "Time_Utilization": 4,
  "Examples": 2,
  "Doubts": 2,
  "Knowledge": 1,
  "Suggestions": "Exceptional"
},{
  "_id": {
    "$oid": "60ae4bd092e63921f43834f9"
  },
  "studentId": 9,
  "educatorId": 2,
  "date": "11-03-2021",
  "subject": "Probability and Statistics",
  "presenting": 5,
  "friendly": 5,
  "efficiency": 2,
  "Time_Utilization": 1,
  "Examples": 1,
  "Doubts": 3,
  "Knowledge": 3,
  "Suggestions": "Good"
},{
  "_id": {
    "$oid": "60ae4bd092e63921f43834fa"
  },
  "studentId": 20,
  "educatorId": 7,
  "date": "31-01-2021",
  "subject": "MongoDB and NoSQL",
  "presenting": 4,
  "friendly": 2,
  "efficiency": 5,
  "Time_Utilization": 5,
  "Examples": 1,
  "Doubts": 5,
  "Knowledge": 5,
  "Suggestions": "Bad"
},{
  "_id": {
    "$oid": "60ae4bd092e63921f43834fb"
  },
  "studentId": 14,
  "educatorId": 12,
  "date": "14-03-2021",
  "subject": "SQL Server",
  "presenting": 1,
  "friendly": 5,
  "efficiency": 2,
  "Time_Utilization": 5,
  "Examples": 3,
  "Doubts": 3,
  "Knowledge": 3,
  "Suggestions": "Very Good"
},{
  "_id": {
    "$oid": "60ae4bd092e63921f43834fc"
  },
  "studentId": 16,
  "educatorId": 12,
  "date": "08-02-2021",
  "subject": "SSIS",
  "presenting": 4,
  "friendly": 1,
  "efficiency": 5,
  "Time_Utilization": 4,
  "Examples": 2,
  "Doubts": 2,
  "Knowledge": 4,
  "Suggestions": "Needs Imporvement"
},{
  "_id": {
    "$oid": "60ae4bd092e63921f43834fd"
  },
  "studentId": 28,
  "educatorId": 3,
  "date": "08-02-2021",
  "subject": "SSAS",
  "presenting": 3,
  "friendly": 5,
  "efficiency": 2,
  "Time_Utilization": 5,
  "Examples": 1,
  "Doubts": 5,
  "Knowledge": 4,
  "Suggestions": "Exceptional"
},{
  "_id": {
    "$oid": "60ae4bd092e63921f43834fe"
  },
  "studentId": 11,
  "educatorId": 7,
  "date": "07-01-2021",
  "subject": "SSRS",
  "presenting": 3,
  "friendly": 1,
  "efficiency": 3,
  "Time_Utilization": 3,
  "Examples": 1,
  "Doubts": 1,
  "Knowledge": 4,
  "Suggestions": "Good"
},{
  "_id": {
    "$oid": "60ae4bd092e63921f43834ff"
  },
  "studentId": 4,
  "educatorId": 7,
  "date": "07-03-2021",
  "subject": "Intro to Agile",
  "presenting": 2,
  "friendly": 3,
  "efficiency": 2,
  "Time_Utilization": 5,
  "Examples": 1,
  "Doubts": 4,
  "Knowledge": 2,
  "Suggestions": "Bad"
},{
  "_id": {
    "$oid": "60ae4bd092e63921f4383500"
  },
  "studentId": 24,
  "educatorId": 3,
  "date": "21-01-2021",
  "subject": "BI",
  "presenting": 5,
  "friendly": 2,
  "efficiency": 3,
  "Time_Utilization": 5,
  "Examples": 5,
  "Doubts": 4,
  "Knowledge": 4,
  "Suggestions": "Very Good"
},{
  "_id": {
    "$oid": "60ae4bd092e63921f4383501"
  },
  "studentId": 23,
  "educatorId": 11,
  "date": "05-02-2021",
  "subject": "Data Warehousing",
  "presenting": 5,
  "friendly": 1,
  "efficiency": 2,
  "Time_Utilization": 2,
  "Examples": 5,
  "Doubts": 5,
  "Knowledge": 4,
  "Suggestions": "Needs Imporvement"
},{
  "_id": {
    "$oid": "60ae4bd092e63921f4383502"
  },
  "studentId": 3,
  "educatorId": 8,
  "date": "03-01-2021",
  "subject": "MDDM",
  "presenting": 4,
  "friendly": 2,
  "efficiency": 3,
  "Time_Utilization": 5,
  "Examples": 1,
  "Doubts": 5,
  "Knowledge": 4,
  "Suggestions": "Exceptional"
},{
  "_id": {
    "$oid": "60ae4bd092e63921f4383503"
  },
  "studentId": 23,
  "educatorId": 3,
  "date": "12-01-2021",
  "subject": "Microsoft Excel",
  "presenting": 5,
  "friendly": 2,
  "efficiency": 4,
  "Time_Utilization": 2,
  "Examples": 1,
  "Doubts": 4,
  "Knowledge": 4,
  "Suggestions": "Good"
},{
  "_id": {
    "$oid": "60ae4bd092e63921f4383504"
  },
  "studentId": 28,
  "educatorId": 5,
  "date": "17-01-2021",
  "subject": "Probability and Statistics",
  "presenting": 4,
  "friendly": 4,
  "efficiency": 2,
  "Time_Utilization": 1,
  "Examples": 1,
  "Doubts": 1,
  "Knowledge": 4,
  "Suggestions": "Bad"
},{
  "_id": {
    "$oid": "60ae4bd092e63921f4383505"
  },
  "studentId": 9,
  "educatorId": 2,
  "date": "17-01-2021",
  "subject": "MongoDB and NoSQL",
  "presenting": 4,
  "friendly": 2,
  "efficiency": 2,
  "Time_Utilization": 2,
  "Examples": 5,
  "Doubts": 4,
  "Knowledge": 5,
  "Suggestions": "Very Good"
},{
  "_id": {
    "$oid": "60ae4bd092e63921f4383506"
  },
  "studentId": 12,
  "educatorId": 1,
  "date": "22-03-2021",
  "subject": "SQL Server",
  "presenting": 1,
  "friendly": 1,
  "efficiency": 1,
  "Time_Utilization": 1,
  "Examples": 2,
  "Doubts": 1,
  "Knowledge": 2,
  "Suggestions": "Needs Imporvement"
},{
  "_id": {
    "$oid": "60ae4bd092e63921f4383507"
  },
  "studentId": 25,
  "educatorId": 7,
  "date": "10-01-2021",
  "subject": "SSIS",
  "presenting": 3,
  "friendly": 4,
  "efficiency": 1,
  "Time_Utilization": 1,
  "Examples": 3,
  "Doubts": 1,
  "Knowledge": 4,
  "Suggestions": "Exceptional"
},{
  "_id": {
    "$oid": "60ae4bd092e63921f4383508"
  },
  "studentId": 3,
  "educatorId": 6,
  "date": "17-03-2021",
  "subject": "SSAS",
  "presenting": 3,
  "friendly": 5,
  "efficiency": 4,
  "Time_Utilization": 3,
  "Examples": 4,
  "Doubts": 5,
  "Knowledge": 4,
  "Suggestions": "Good"
},{
  "_id": {
    "$oid": "60ae4bd092e63921f4383509"
  },
  "studentId": 31,
  "educatorId": 12,
  "date": "17-02-2021",
  "subject": "SSRS",
  "presenting": 5,
  "friendly": 4,
  "efficiency": 2,
  "Time_Utilization": 2,
  "Examples": 2,
  "Doubts": 1,
  "Knowledge": 3,
  "Suggestions": "Bad"
},{
  "_id": {
    "$oid": "60ae4bd092e63921f438350a"
  },
  "studentId": 30,
  "educatorId": 6,
  "date": "22-01-2021",
  "subject": "Intro to Agile",
  "presenting": 4,
  "friendly": 5,
  "efficiency": 2,
  "Time_Utilization": 3,
  "Examples": 4,
  "Doubts": 5,
  "Knowledge": 4,
  "Suggestions": "Very Good"
},{
  "_id": {
    "$oid": "60ae4bd092e63921f438350b"
  },
  "studentId": 14,
  "educatorId": 11,
  "date": "04-02-2021",
  "subject": "BI",
  "presenting": 3,
  "friendly": 1,
  "efficiency": 4,
  "Time_Utilization": 5,
  "Examples": 2,
  "Doubts": 3,
  "Knowledge": 1,
  "Suggestions": "Needs Imporvement"
},{
  "_id": {
    "$oid": "60ae4bd092e63921f438350c"
  },
  "studentId": 26,
  "educatorId": 1,
  "date": "06-03-2021",
  "subject": "Data Warehousing",
  "presenting": 3,
  "friendly": 2,
  "efficiency": 2,
  "Time_Utilization": 4,
  "Examples": 3,
  "Doubts": 5,
  "Knowledge": 2,
  "Suggestions": "Exceptional"
},{
  "_id": {
    "$oid": "60ae4bd092e63921f438350d"
  },
  "studentId": 7,
  "educatorId": 2,
  "date": "26-02-2021",
  "subject": "MDDM",
  "presenting": 2,
  "friendly": 1,
  "efficiency": 2,
  "Time_Utilization": 3,
  "Examples": 2,
  "Doubts": 1,
  "Knowledge": 5,
  "Suggestions": "Good"
},{
  "_id": {
    "$oid": "60ae4bd092e63921f438350e"
  },
  "studentId": 8,
  "educatorId": 11,
  "date": "03-02-2021",
  "subject": "Microsoft Excel",
  "presenting": 5,
  "friendly": 4,
  "efficiency": 1,
  "Time_Utilization": 5,
  "Examples": 5,
  "Doubts": 3,
  "Knowledge": 4,
  "Suggestions": "Bad"
},{
  "_id": {
    "$oid": "60ae4bd092e63921f438350f"
  },
  "studentId": 17,
  "educatorId": 11,
  "date": "07-02-2021",
  "subject": "Probability and Statistics",
  "presenting": 1,
  "friendly": 5,
  "efficiency": 3,
  "Time_Utilization": 4,
  "Examples": 3,
  "Doubts": 4,
  "Knowledge": 2,
  "Suggestions": "Very Good"
},{
  "_id": {
    "$oid": "60ae4bd092e63921f4383510"
  },
  "studentId": 17,
  "educatorId": 9,
  "date": "24-02-2021",
  "subject": "MongoDB and NoSQL",
  "presenting": 5,
  "friendly": 4,
  "efficiency": 1,
  "Time_Utilization": 4,
  "Examples": 1,
  "Doubts": 4,
  "Knowledge": 3,
  "Suggestions": "Needs Imporvement"
},{
  "_id": {
    "$oid": "60ae4bd092e63921f4383511"
  },
  "studentId": 28,
  "educatorId": 8,
  "date": "26-02-2021",
  "subject": "SQL Server",
  "presenting": 1,
  "friendly": 5,
  "efficiency": 1,
  "Time_Utilization": 5,
  "Examples": 2,
  "Doubts": 3,
  "Knowledge": 1,
  "Suggestions": "Exceptional"
},{
  "_id": {
    "$oid": "60ae4bd092e63921f4383512"
  },
  "studentId": 3,
  "educatorId": 3,
  "date": "23-01-2021",
  "subject": "SSIS",
  "presenting": 1,
  "friendly": 1,
  "efficiency": 1,
  "Time_Utilization": 1,
  "Examples": 1,
  "Doubts": 4,
  "Knowledge": 2,
  "Suggestions": "Good"
},{
  "_id": {
    "$oid": "60ae4bd092e63921f4383513"
  },
  "studentId": 9,
  "educatorId": 6,
  "date": "18-03-2021",
  "subject": "SSAS",
  "presenting": 1,
  "friendly": 5,
  "efficiency": 2,
  "Time_Utilization": 2,
  "Examples": 3,
  "Doubts": 2,
  "Knowledge": 3,
  "Suggestions": "Bad"
},{
  "_id": {
    "$oid": "60ae4bd092e63921f4383514"
  },
  "studentId": 7,
  "educatorId": 12,
  "date": "28-02-2021",
  "subject": "SSRS",
  "presenting": 2,
  "friendly": 1,
  "efficiency": 5,
  "Time_Utilization": 4,
  "Examples": 1,
  "Doubts": 3,
  "Knowledge": 2,
  "Suggestions": "Very Good"
},{
  "_id": {
    "$oid": "60ae4bd092e63921f4383515"
  },
  "studentId": 9,
  "educatorId": 5,
  "date": "13-01-2021",
  "subject": "Intro to Agile",
  "presenting": 4,
  "friendly": 5,
  "efficiency": 3,
  "Time_Utilization": 3,
  "Examples": 1,
  "Doubts": 5,
  "Knowledge": 5,
  "Suggestions": "Needs Imporvement"
},{
  "_id": {
    "$oid": "60ae4bd092e63921f4383516"
  },
  "studentId": 4,
  "educatorId": 4,
  "date": "26-03-2021",
  "subject": "BI",
  "presenting": 3,
  "friendly": 4,
  "efficiency": 4,
  "Time_Utilization": 5,
  "Examples": 3,
  "Doubts": 3,
  "Knowledge": 3,
  "Suggestions": "Exceptional"
},{
  "_id": {
    "$oid": "60ae4bd092e63921f4383517"
  },
  "studentId": 1,
  "educatorId": 9,
  "date": "25-01-2021",
  "subject": "Data Warehousing",
  "presenting": 2,
  "friendly": 3,
  "efficiency": 1,
  "Time_Utilization": 1,
  "Examples": 4,
  "Doubts": 3,
  "Knowledge": 2,
  "Suggestions": "Good"
},{
  "_id": {
    "$oid": "60ae4bd092e63921f4383518"
  },
  "studentId": 4,
  "educatorId": 6,
  "date": "26-03-2021",
  "subject": "MDDM",
  "presenting": 1,
  "friendly": 3,
  "efficiency": 4,
  "Time_Utilization": 1,
  "Examples": 4,
  "Doubts": 5,
  "Knowledge": 1,
  "Suggestions": "Bad"
},{
  "_id": {
    "$oid": "60ae4bd092e63921f4383519"
  },
  "studentId": 19,
  "educatorId": 1,
  "date": "11-02-2021",
  "subject": "Microsoft Excel",
  "presenting": 1,
  "friendly": 5,
  "efficiency": 5,
  "Time_Utilization": 1,
  "Examples": 5,
  "Doubts": 2,
  "Knowledge": 4,
  "Suggestions": "Very Good"
},{
  "_id": {
    "$oid": "60ae4bd092e63921f438351a"
  },
  "studentId": 25,
  "educatorId": 10,
  "date": "24-01-2021",
  "subject": "Probability and Statistics",
  "presenting": 4,
  "friendly": 1,
  "efficiency": 5,
  "Time_Utilization": 4,
  "Examples": 1,
  "Doubts": 3,
  "Knowledge": 2,
  "Suggestions": "Needs Imporvement"
},{
  "_id": {
    "$oid": "60ae4bd092e63921f438351b"
  },
  "studentId": 16,
  "educatorId": 10,
  "date": "17-03-2021",
  "subject": "MongoDB and NoSQL",
  "presenting": 2,
  "friendly": 3,
  "efficiency": 4,
  "Time_Utilization": 1,
  "Examples": 4,
  "Doubts": 3,
  "Knowledge": 5,
  "Suggestions": "Exceptional"
},{
  "_id": {
    "$oid": "60ae4bd092e63921f438351c"
  },
  "studentId": 19,
  "educatorId": 8,
  "date": "23-03-2021",
  "subject": "SQL Server",
  "presenting": 3,
  "friendly": 3,
  "efficiency": 2,
  "Time_Utilization": 4,
  "Examples": 2,
  "Doubts": 5,
  "Knowledge": 2,
  "Suggestions": "Good"
},{
  "_id": {
    "$oid": "60ae4bd092e63921f438351d"
  },
  "studentId": 23,
  "educatorId": 4,
  "date": "25-03-2021",
  "subject": "SSIS",
  "presenting": 4,
  "friendly": 4,
  "efficiency": 4,
  "Time_Utilization": 1,
  "Examples": 2,
  "Doubts": 3,
  "Knowledge": 2,
  "Suggestions": "Bad"
},{
  "_id": {
    "$oid": "60ae4bd092e63921f438351e"
  },
  "studentId": 3,
  "educatorId": 8,
  "date": "24-02-2021",
  "subject": "SSAS",
  "presenting": 5,
  "friendly": 1,
  "efficiency": 1,
  "Time_Utilization": 2,
  "Examples": 4,
  "Doubts": 4,
  "Knowledge": 3,
  "Suggestions": "Very Good"
},{
  "_id": {
    "$oid": "60ae4bd092e63921f438351f"
  },
  "studentId": 27,
  "educatorId": 8,
  "date": "20-03-2021",
  "subject": "SSRS",
  "presenting": 4,
  "friendly": 4,
  "efficiency": 1,
  "Time_Utilization": 5,
  "Examples": 1,
  "Doubts": 1,
  "Knowledge": 2,
  "Suggestions": "Needs Imporvement"
},{
  "_id": {
    "$oid": "60ae4bd092e63921f4383520"
  },
  "studentId": 28,
  "educatorId": 7,
  "date": "28-02-2021",
  "subject": "Intro to Agile",
  "presenting": 2,
  "friendly": 4,
  "efficiency": 4,
  "Time_Utilization": 2,
  "Examples": 1,
  "Doubts": 2,
  "Knowledge": 2,
  "Suggestions": "Exceptional"
},{
  "_id": {
    "$oid": "60ae4bd092e63921f4383521"
  },
  "studentId": 24,
  "educatorId": 1,
  "date": "25-01-2021",
  "subject": "BI",
  "presenting": 2,
  "friendly": 5,
  "efficiency": 5,
  "Time_Utilization": 3,
  "Examples": 2,
  "Doubts": 1,
  "Knowledge": 5,
  "Suggestions": "Good"
},{
  "_id": {
    "$oid": "60ae4bd092e63921f4383522"
  },
  "studentId": 3,
  "educatorId": 2,
  "date": "10-03-2021",
  "subject": "Data Warehousing",
  "presenting": 2,
  "friendly": 4,
  "efficiency": 1,
  "Time_Utilization": 3,
  "Examples": 1,
  "Doubts": 4,
  "Knowledge": 2,
  "Suggestions": "Bad"
},{
  "_id": {
    "$oid": "60ae4bd092e63921f4383523"
  },
  "studentId": 5,
  "educatorId": 4,
  "date": "28-03-2021",
  "subject": "MDDM",
  "presenting": 5,
  "friendly": 5,
  "efficiency": 3,
  "Time_Utilization": 2,
  "Examples": 1,
  "Doubts": 3,
  "Knowledge": 2,
  "Suggestions": "Very Good"
},{
  "_id": {
    "$oid": "60ae4bd092e63921f4383524"
  },
  "studentId": 22,
  "educatorId": 7,
  "date": "02-02-2021",
  "subject": "Microsoft Excel",
  "presenting": 3,
  "friendly": 1,
  "efficiency": 3,
  "Time_Utilization": 3,
  "Examples": 5,
  "Doubts": 2,
  "Knowledge": 3,
  "Suggestions": "Needs Imporvement"
},{
  "_id": {
    "$oid": "60ae4bd092e63921f4383525"
  },
  "studentId": 5,
  "educatorId": 5,
  "date": "16-01-2021",
  "subject": "Probability and Statistics",
  "presenting": 3,
  "friendly": 5,
  "efficiency": 2,
  "Time_Utilization": 5,
  "Examples": 2,
  "Doubts": 3,
  "Knowledge": 4,
  "Suggestions": "Exceptional"
},{
  "_id": {
    "$oid": "60ae4bd092e63921f4383526"
  },
  "studentId": 15,
  "educatorId": 12,
  "date": "14-02-2021",
  "subject": "MongoDB and NoSQL",
  "presenting": 1,
  "friendly": 1,
  "efficiency": 1,
  "Time_Utilization": 3,
  "Examples": 5,
  "Doubts": 5,
  "Knowledge": 4,
  "Suggestions": "Good"
},{
  "_id": {
    "$oid": "60ae4bd092e63921f4383527"
  },
  "studentId": 4,
  "educatorId": 7,
  "date": "04-01-2021",
  "subject": "SQL Server",
  "presenting": 4,
  "friendly": 5,
  "efficiency": 2,
  "Time_Utilization": 5,
  "Examples": 5,
  "Doubts": 4,
  "Knowledge": 1,
  "Suggestions": "Bad"
},{
  "_id": {
    "$oid": "60ae4bd092e63921f4383528"
  },
  "studentId": 24,
  "educatorId": 11,
  "date": "06-03-2021",
  "subject": "SSIS",
  "presenting": 2,
  "friendly": 5,
  "efficiency": 3,
  "Time_Utilization": 1,
  "Examples": 4,
  "Doubts": 1,
  "Knowledge": 3,
  "Suggestions": "Very Good"
},{
  "_id": {
    "$oid": "60ae4bd092e63921f4383529"
  },
  "studentId": 14,
  "educatorId": 3,
  "date": "09-02-2021",
  "subject": "SSAS",
  "presenting": 4,
  "friendly": 1,
  "efficiency": 4,
  "Time_Utilization": 1,
  "Examples": 3,
  "Doubts": 1,
  "Knowledge": 2,
  "Suggestions": "Needs Imporvement"
},{
  "_id": {
    "$oid": "60ae4bd092e63921f438352a"
  },
  "studentId": 24,
  "educatorId": 3,
  "date": "13-01-2021",
  "subject": "SSRS",
  "presenting": 3,
  "friendly": 5,
  "efficiency": 1,
  "Time_Utilization": 1,
  "Examples": 1,
  "Doubts": 1,
  "Knowledge": 2,
  "Suggestions": "Exceptional"
},{
  "_id": {
    "$oid": "60ae4bd092e63921f438352b"
  },
  "studentId": 29,
  "educatorId": 10,
  "date": "27-01-2021",
  "subject": "Intro to Agile",
  "presenting": 5,
  "friendly": 4,
  "efficiency": 1,
  "Time_Utilization": 2,
  "Examples": 3,
  "Doubts": 1,
  "Knowledge": 4,
  "Suggestions": "Good"
},{
  "_id": {
    "$oid": "60ae4bd092e63921f438352c"
  },
  "studentId": 29,
  "educatorId": 3,
  "date": "30-03-2021",
  "subject": "BI",
  "presenting": 1,
  "friendly": 3,
  "efficiency": 2,
  "Time_Utilization": 1,
  "Examples": 3,
  "Doubts": 3,
  "Knowledge": 2,
  "Suggestions": "Bad"
},{
  "_id": {
    "$oid": "60ae4bd092e63921f438352d"
  },
  "studentId": 4,
  "educatorId": 11,
  "date": "30-01-2021",
  "subject": "Data Warehousing",
  "presenting": 4,
  "friendly": 2,
  "efficiency": 1,
  "Time_Utilization": 5,
  "Examples": 1,
  "Doubts": 2,
  "Knowledge": 2,
  "Suggestions": "Very Good"
},{
  "_id": {
    "$oid": "60ae4bd092e63921f438352e"
  },
  "studentId": 9,
  "educatorId": 6,
  "date": "29-03-2021",
  "subject": "MDDM",
  "presenting": 1,
  "friendly": 4,
  "efficiency": 2,
  "Time_Utilization": 4,
  "Examples": 2,
  "Doubts": 5,
  "Knowledge": 1,
  "Suggestions": "Needs Imporvement"
},{
  "_id": {
    "$oid": "60ae4bd092e63921f438352f"
  },
  "studentId": 27,
  "educatorId": 1,
  "date": "23-02-2021",
  "subject": "Microsoft Excel",
  "presenting": 1,
  "friendly": 1,
  "efficiency": 4,
  "Time_Utilization": 1,
  "Examples": 2,
  "Doubts": 1,
  "Knowledge": 3,
  "Suggestions": "Exceptional"
},{
  "_id": {
    "$oid": "60ae4bd092e63921f4383530"
  },
  "studentId": 11,
  "educatorId": 6,
  "date": "19-03-2021",
  "subject": "Probability and Statistics",
  "presenting": 5,
  "friendly": 3,
  "efficiency": 3,
  "Time_Utilization": 1,
  "Examples": 2,
  "Doubts": 1,
  "Knowledge": 4,
  "Suggestions": "Good"
},{
  "_id": {
    "$oid": "60ae4bd092e63921f4383531"
  },
  "studentId": 20,
  "educatorId": 4,
  "date": "31-01-2021",
  "subject": "MongoDB and NoSQL",
  "presenting": 5,
  "friendly": 3,
  "efficiency": 1,
  "Time_Utilization": 3,
  "Examples": 5,
  "Doubts": 2,
  "Knowledge": 3,
  "Suggestions": "Bad"
},{
  "_id": {
    "$oid": "60ae4bd092e63921f4383532"
  },
  "studentId": 19,
  "educatorId": 3,
  "date": "31-03-2021",
  "subject": "SQL Server",
  "presenting": 3,
  "friendly": 2,
  "efficiency": 1,
  "Time_Utilization": 5,
  "Examples": 4,
  "Doubts": 3,
  "Knowledge": 4,
  "Suggestions": "Very Good"
},{
  "_id": {
    "$oid": "60ae4bd092e63921f4383533"
  },
  "studentId": 9,
  "educatorId": 9,
  "date": "07-03-2021",
  "subject": "SSIS",
  "presenting": 4,
  "friendly": 2,
  "efficiency": 1,
  "Time_Utilization": 1,
  "Examples": 2,
  "Doubts": 2,
  "Knowledge": 5,
  "Suggestions": "Needs Imporvement"
},{
  "_id": {
    "$oid": "60ae4bd092e63921f4383534"
  },
  "studentId": 21,
  "educatorId": 9,
  "date": "17-03-2021",
  "subject": "SSAS",
  "presenting": 5,
  "friendly": 5,
  "efficiency": 2,
  "Time_Utilization": 5,
  "Examples": 5,
  "Doubts": 4,
  "Knowledge": 1,
  "Suggestions": "Exceptional"
},{
  "_id": {
    "$oid": "60ae4bd092e63921f4383535"
  },
  "studentId": 20,
  "educatorId": 11,
  "date": "11-01-2021",
  "subject": "SSRS",
  "presenting": 5,
  "friendly": 5,
  "efficiency": 3,
  "Time_Utilization": 1,
  "Examples": 4,
  "Doubts": 5,
  "Knowledge": 4,
  "Suggestions": "Good"
},{
  "_id": {
    "$oid": "60ae4bd092e63921f4383536"
  },
  "studentId": 5,
  "educatorId": 9,
  "date": "09-02-2021",
  "subject": "Intro to Agile",
  "presenting": 1,
  "friendly": 3,
  "efficiency": 4,
  "Time_Utilization": 1,
  "Examples": 1,
  "Doubts": 5,
  "Knowledge": 1,
  "Suggestions": "Bad"
},{
  "_id": {
    "$oid": "60ae4bd092e63921f4383537"
  },
  "studentId": 5,
  "educatorId": 9,
  "date": "28-03-2021",
  "subject": "BI",
  "presenting": 4,
  "friendly": 2,
  "efficiency": 3,
  "Time_Utilization": 5,
  "Examples": 2,
  "Doubts": 4,
  "Knowledge": 5,
  "Suggestions": "Very Good"
},{
  "_id": {
    "$oid": "60ae4bd092e63921f4383538"
  },
  "studentId": 24,
  "educatorId": 12,
  "date": "11-03-2021",
  "subject": "Data Warehousing",
  "presenting": 3,
  "friendly": 4,
  "efficiency": 4,
  "Time_Utilization": 2,
  "Examples": 5,
  "Doubts": 3,
  "Knowledge": 3,
  "Suggestions": "Needs Imporvement"
},{
  "_id": {
    "$oid": "60ae4bd092e63921f4383539"
  },
  "studentId": 31,
  "educatorId": 4,
  "date": "13-02-2021",
  "subject": "MDDM",
  "presenting": 4,
  "friendly": 2,
  "efficiency": 1,
  "Time_Utilization": 3,
  "Examples": 1,
  "Doubts": 5,
  "Knowledge": 3,
  "Suggestions": "Exceptional"
},{
  "_id": {
    "$oid": "60ae4bd092e63921f438353a"
  },
  "studentId": 31,
  "educatorId": 3,
  "date": "07-03-2021",
  "subject": "Microsoft Excel",
  "presenting": 2,
  "friendly": 4,
  "efficiency": 3,
  "Time_Utilization": 3,
  "Examples": 1,
  "Doubts": 4,
  "Knowledge": 3,
  "Suggestions": "Good"
},{
  "_id": {
    "$oid": "60ae4bd092e63921f438353b"
  },
  "studentId": 20,
  "educatorId": 5,
  "date": "01-02-2021",
  "subject": "Probability and Statistics",
  "presenting": 4,
  "friendly": 3,
  "efficiency": 2,
  "Time_Utilization": 4,
  "Examples": 5,
  "Doubts": 1,
  "Knowledge": 2,
  "Suggestions": "Bad"
},{
  "_id": {
    "$oid": "60ae4bd092e63921f438353c"
  },
  "studentId": 11,
  "educatorId": 10,
  "date": "09-02-2021",
  "subject": "MongoDB and NoSQL",
  "presenting": 1,
  "friendly": 5,
  "efficiency": 2,
  "Time_Utilization": 1,
  "Examples": 4,
  "Doubts": 2,
  "Knowledge": 1,
  "Suggestions": "Very Good"
},{
  "_id": {
    "$oid": "60ae4bd092e63921f438353d"
  },
  "studentId": 20,
  "educatorId": 4,
  "date": "09-03-2021",
  "subject": "SQL Server",
  "presenting": 4,
  "friendly": 5,
  "efficiency": 4,
  "Time_Utilization": 4,
  "Examples": 2,
  "Doubts": 4,
  "Knowledge": 4,
  "Suggestions": "Needs Imporvement"
},{
  "_id": {
    "$oid": "60ae4bd092e63921f438353e"
  },
  "studentId": 28,
  "educatorId": 3,
  "date": "16-01-2021",
  "subject": "SSIS",
  "presenting": 1,
  "friendly": 3,
  "efficiency": 4,
  "Time_Utilization": 1,
  "Examples": 2,
  "Doubts": 4,
  "Knowledge": 4,
  "Suggestions": "Exceptional"
},{
  "_id": {
    "$oid": "60ae4bd092e63921f438353f"
  },
  "studentId": 16,
  "educatorId": 11,
  "date": "09-03-2021",
  "subject": "SSAS",
  "presenting": 2,
  "friendly": 4,
  "efficiency": 5,
  "Time_Utilization": 2,
  "Examples": 1,
  "Doubts": 5,
  "Knowledge": 2,
  "Suggestions": "Good"
},{
  "_id": {
    "$oid": "60ae4bd092e63921f4383540"
  },
  "studentId": 31,
  "educatorId": 1,
  "date": "28-02-2021",
  "subject": "SSRS",
  "presenting": 5,
  "friendly": 4,
  "efficiency": 5,
  "Time_Utilization": 4,
  "Examples": 4,
  "Doubts": 3,
  "Knowledge": 5,
  "Suggestions": "Bad"
},{
  "_id": {
    "$oid": "60ae4bd092e63921f4383541"
  },
  "studentId": 6,
  "educatorId": 5,
  "date": "25-02-2021",
  "subject": "Intro to Agile",
  "presenting": 2,
  "friendly": 5,
  "efficiency": 2,
  "Time_Utilization": 3,
  "Examples": 1,
  "Doubts": 5,
  "Knowledge": 2,
  "Suggestions": "Very Good"
},{
  "_id": {
    "$oid": "60ae4bd092e63921f4383542"
  },
  "studentId": 28,
  "educatorId": 10,
  "date": "06-03-2021",
  "subject": "BI",
  "presenting": 1,
  "friendly": 3,
  "efficiency": 5,
  "Time_Utilization": 5,
  "Examples": 3,
  "Doubts": 5,
  "Knowledge": 2,
  "Suggestions": "Needs Imporvement"
},{
  "_id": {
    "$oid": "60ae4bd092e63921f4383543"
  },
  "studentId": 1,
  "educatorId": 1,
  "date": "27-02-2021",
  "subject": "Data Warehousing",
  "presenting": 1,
  "friendly": 1,
  "efficiency": 3,
  "Time_Utilization": 4,
  "Examples": 4,
  "Doubts": 2,
  "Knowledge": 5,
  "Suggestions": "Exceptional"
},{
  "_id": {
    "$oid": "60ae4bd092e63921f4383544"
  },
  "studentId": 4,
  "educatorId": 4,
  "date": "18-03-2021",
  "subject": "MDDM",
  "presenting": 1,
  "friendly": 2,
  "efficiency": 1,
  "Time_Utilization": 4,
  "Examples": 3,
  "Doubts": 2,
  "Knowledge": 1,
  "Suggestions": "Good"
},{
  "_id": {
    "$oid": "60ae4bd092e63921f4383545"
  },
  "studentId": 19,
  "educatorId": 10,
  "date": "12-03-2021",
  "subject": "Microsoft Excel",
  "presenting": 4,
  "friendly": 1,
  "efficiency": 1,
  "Time_Utilization": 2,
  "Examples": 5,
  "Doubts": 2,
  "Knowledge": 1,
  "Suggestions": "Bad"
},{
  "_id": {
    "$oid": "60ae4bd092e63921f4383546"
  },
  "studentId": 19,
  "educatorId": 5,
  "date": "06-02-2021",
  "subject": "Probability and Statistics",
  "presenting": 3,
  "friendly": 5,
  "efficiency": 5,
  "Time_Utilization": 5,
  "Examples": 4,
  "Doubts": 2,
  "Knowledge": 5,
  "Suggestions": "Very Good"
},{
  "_id": {
    "$oid": "60ae4bd092e63921f4383547"
  },
  "studentId": 20,
  "educatorId": 1,
  "date": "26-01-2021",
  "subject": "MongoDB and NoSQL",
  "presenting": 4,
  "friendly": 1,
  "efficiency": 1,
  "Time_Utilization": 1,
  "Examples": 3,
  "Doubts": 1,
  "Knowledge": 2,
  "Suggestions": "Needs Imporvement"
},{
  "_id": {
    "$oid": "60ae4bd092e63921f4383548"
  },
  "studentId": 8,
  "educatorId": 11,
  "date": "17-02-2021",
  "subject": "SQL Server",
  "presenting": 5,
  "friendly": 2,
  "efficiency": 1,
  "Time_Utilization": 5,
  "Examples": 5,
  "Doubts": 5,
  "Knowledge": 3,
  "Suggestions": "Exceptional"
},{
  "_id": {
    "$oid": "60ae4bd092e63921f4383549"
  },
  "studentId": 31,
  "educatorId": 12,
  "date": "13-02-2021",
  "subject": "SSIS",
  "presenting": 2,
  "friendly": 2,
  "efficiency": 5,
  "Time_Utilization": 4,
  "Examples": 5,
  "Doubts": 4,
  "Knowledge": 5,
  "Suggestions": "Good"
},{
  "_id": {
    "$oid": "60ae4bd092e63921f438354a"
  },
  "studentId": 16,
  "educatorId": 9,
  "date": "01-02-2021",
  "subject": "SSAS",
  "presenting": 3,
  "friendly": 4,
  "efficiency": 5,
  "Time_Utilization": 2,
  "Examples": 4,
  "Doubts": 5,
  "Knowledge": 2,
  "Suggestions": "Bad"
},{
  "_id": {
    "$oid": "60ae4bd092e63921f438354b"
  },
  "studentId": 21,
  "educatorId": 9,
  "date": "07-01-2021",
  "subject": "SSRS",
  "presenting": 1,
  "friendly": 4,
  "efficiency": 3,
  "Time_Utilization": 4,
  "Examples": 4,
  "Doubts": 4,
  "Knowledge": 3,
  "Suggestions": "Very Good"
},{
  "_id": {
    "$oid": "60ae4bd092e63921f438354c"
  },
  "studentId": 27,
  "educatorId": 4,
  "date": "07-02-2021",
  "subject": "Intro to Agile",
  "presenting": 1,
  "friendly": 3,
  "efficiency": 1,
  "Time_Utilization": 2,
  "Examples": 5,
  "Doubts": 3,
  "Knowledge": 3,
  "Suggestions": "Needs Imporvement"
},{
  "_id": {
    "$oid": "60ae4bd092e63921f438354d"
  },
  "studentId": 12,
  "educatorId": 8,
  "date": "08-02-2021",
  "subject": "BI",
  "presenting": 3,
  "friendly": 2,
  "efficiency": 5,
  "Time_Utilization": 4,
  "Examples": 3,
  "Doubts": 5,
  "Knowledge": 2,
  "Suggestions": "Exceptional"
},{
  "_id": {
    "$oid": "60ae4bd092e63921f438354e"
  },
  "studentId": 29,
  "educatorId": 7,
  "date": "12-02-2021",
  "subject": "Data Warehousing",
  "presenting": 4,
  "friendly": 5,
  "efficiency": 4,
  "Time_Utilization": 2,
  "Examples": 2,
  "Doubts": 3,
  "Knowledge": 5,
  "Suggestions": "Good"
},{
  "_id": {
    "$oid": "60ae4bd092e63921f438354f"
  },
  "studentId": 10,
  "educatorId": 1,
  "date": "28-02-2021",
  "subject": "MDDM",
  "presenting": 2,
  "friendly": 3,
  "efficiency": 2,
  "Time_Utilization": 5,
  "Examples": 5,
  "Doubts": 1,
  "Knowledge": 5,
  "Suggestions": "Bad"
},{
  "_id": {
    "$oid": "60ae4bd092e63921f4383550"
  },
  "studentId": 28,
  "educatorId": 4,
  "date": "27-01-2021",
  "subject": "Microsoft Excel",
  "presenting": 3,
  "friendly": 2,
  "efficiency": 3,
  "Time_Utilization": 4,
  "Examples": 1,
  "Doubts": 2,
  "Knowledge": 4,
  "Suggestions": "Very Good"
},{
  "_id": {
    "$oid": "60ae4bd092e63921f4383551"
  },
  "studentId": 30,
  "educatorId": 9,
  "date": "22-02-2021",
  "subject": "Probability and Statistics",
  "presenting": 2,
  "friendly": 1,
  "efficiency": 4,
  "Time_Utilization": 4,
  "Examples": 1,
  "Doubts": 1,
  "Knowledge": 2,
  "Suggestions": "Needs Imporvement"
},{
  "_id": {
    "$oid": "60ae4bd092e63921f4383552"
  },
  "studentId": 4,
  "educatorId": 8,
  "date": "19-03-2021",
  "subject": "MongoDB and NoSQL",
  "presenting": 1,
  "friendly": 3,
  "efficiency": 5,
  "Time_Utilization": 5,
  "Examples": 2,
  "Doubts": 4,
  "Knowledge": 2,
  "Suggestions": "Exceptional"
},{
  "_id": {
    "$oid": "60ae4bd092e63921f4383553"
  },
  "studentId": 29,
  "educatorId": 5,
  "date": "23-03-2021",
  "subject": "SQL Server",
  "presenting": 3,
  "friendly": 3,
  "efficiency": 4,
  "Time_Utilization": 5,
  "Examples": 3,
  "Doubts": 5,
  "Knowledge": 2,
  "Suggestions": "Good"
},{
  "_id": {
    "$oid": "60ae4bd092e63921f4383554"
  },
  "studentId": 16,
  "educatorId": 3,
  "date": "20-02-2021",
  "subject": "SSIS",
  "presenting": 3,
  "friendly": 2,
  "efficiency": 4,
  "Time_Utilization": 3,
  "Examples": 1,
  "Doubts": 2,
  "Knowledge": 1,
  "Suggestions": "Bad"
},{
  "_id": {
    "$oid": "60ae4bd092e63921f4383555"
  },
  "studentId": 21,
  "educatorId": 2,
  "date": "12-03-2021",
  "subject": "SSAS",
  "presenting": 4,
  "friendly": 3,
  "efficiency": 3,
  "Time_Utilization": 3,
  "Examples": 1,
  "Doubts": 2,
  "Knowledge": 3,
  "Suggestions": "Very Good"
},{
  "_id": {
    "$oid": "60ae4bd092e63921f4383556"
  },
  "studentId": 9,
  "educatorId": 9,
  "date": "17-01-2021",
  "subject": "SSRS",
  "presenting": 3,
  "friendly": 2,
  "efficiency": 2,
  "Time_Utilization": 3,
  "Examples": 4,
  "Doubts": 5,
  "Knowledge": 4,
  "Suggestions": "Needs Imporvement"
},{
  "_id": {
    "$oid": "60ae4bd092e63921f4383557"
  },
  "studentId": 31,
  "educatorId": 6,
  "date": "30-03-2021",
  "subject": "Intro to Agile",
  "presenting": 4,
  "friendly": 3,
  "efficiency": 5,
  "Time_Utilization": 2,
  "Examples": 3,
  "Doubts": 3,
  "Knowledge": 1,
  "Suggestions": "Exceptional"
},{
  "_id": {
    "$oid": "60ae4bd092e63921f4383558"
  },
  "studentId": 12,
  "educatorId": 10,
  "date": "25-02-2021",
  "subject": "BI",
  "presenting": 3,
  "friendly": 4,
  "efficiency": 5,
  "Time_Utilization": 5,
  "Examples": 4,
  "Doubts": 2,
  "Knowledge": 5,
  "Suggestions": "Good"
},{
  "_id": {
    "$oid": "60ae4bd092e63921f4383559"
  },
  "studentId": 31,
  "educatorId": 5,
  "date": "20-03-2021",
  "subject": "Data Warehousing",
  "presenting": 4,
  "friendly": 5,
  "efficiency": 5,
  "Time_Utilization": 2,
  "Examples": 4,
  "Doubts": 3,
  "Knowledge": 1,
  "Suggestions": "Bad"
},{
  "_id": {
    "$oid": "60ae4bd092e63921f438355a"
  },
  "studentId": 17,
  "educatorId": 5,
  "date": "29-03-2021",
  "subject": "MDDM",
  "presenting": 4,
  "friendly": 1,
  "efficiency": 3,
  "Time_Utilization": 3,
  "Examples": 5,
  "Doubts": 3,
  "Knowledge": 1,
  "Suggestions": "Very Good"
},{
  "_id": {
    "$oid": "60ae4bd092e63921f438355b"
  },
  "studentId": 19,
  "educatorId": 12,
  "date": "30-01-2021",
  "subject": "Microsoft Excel",
  "presenting": 4,
  "friendly": 5,
  "efficiency": 1,
  "Time_Utilization": 5,
  "Examples": 4,
  "Doubts": 1,
  "Knowledge": 1,
  "Suggestions": "Needs Imporvement"
},{
  "_id": {
    "$oid": "60ae4bd092e63921f438355c"
  },
  "studentId": 29,
  "educatorId": 5,
  "date": "19-01-2021",
  "subject": "Probability and Statistics",
  "presenting": 4,
  "friendly": 5,
  "efficiency": 2,
  "Time_Utilization": 5,
  "Examples": 5,
  "Doubts": 1,
  "Knowledge": 4,
  "Suggestions": "Exceptional"
},{
  "_id": {
    "$oid": "60ae4bd092e63921f438355d"
  },
  "studentId": 19,
  "educatorId": 2,
  "date": "07-03-2021",
  "subject": "MongoDB and NoSQL",
  "presenting": 3,
  "friendly": 1,
  "efficiency": 2,
  "Time_Utilization": 2,
  "Examples": 4,
  "Doubts": 2,
  "Knowledge": 1,
  "Suggestions": "Good"
},{
  "_id": {
    "$oid": "60ae4bd092e63921f438355e"
  },
  "studentId": 28,
  "educatorId": 7,
  "date": "13-01-2021",
  "subject": "SQL Server",
  "presenting": 4,
  "friendly": 1,
  "efficiency": 2,
  "Time_Utilization": 2,
  "Examples": 3,
  "Doubts": 4,
  "Knowledge": 4,
  "Suggestions": "Bad"
},{
  "_id": {
    "$oid": "60ae4bd092e63921f438355f"
  },
  "studentId": 11,
  "educatorId": 2,
  "date": "19-03-2021",
  "subject": "SSIS",
  "presenting": 1,
  "friendly": 1,
  "efficiency": 3,
  "Time_Utilization": 1,
  "Examples": 5,
  "Doubts": 4,
  "Knowledge": 4,
  "Suggestions": "Very Good"
},{
  "_id": {
    "$oid": "60ae4bd092e63921f4383560"
  },
  "studentId": 14,
  "educatorId": 10,
  "date": "28-03-2021",
  "subject": "SSAS",
  "presenting": 5,
  "friendly": 4,
  "efficiency": 3,
  "Time_Utilization": 5,
  "Examples": 5,
  "Doubts": 2,
  "Knowledge": 5,
  "Suggestions": "Needs Imporvement"
},{
  "_id": {
    "$oid": "60ae4bd092e63921f4383561"
  },
  "studentId": 13,
  "educatorId": 12,
  "date": "24-02-2021",
  "subject": "SSRS",
  "presenting": 3,
  "friendly": 1,
  "efficiency": 1,
  "Time_Utilization": 4,
  "Examples": 4,
  "Doubts": 3,
  "Knowledge": 5,
  "Suggestions": "Exceptional"
},{
  "_id": {
    "$oid": "60ae4bd092e63921f4383562"
  },
  "studentId": 14,
  "educatorId": 5,
  "date": "02-03-2021",
  "subject": "Intro to Agile",
  "presenting": 1,
  "friendly": 4,
  "efficiency": 4,
  "Time_Utilization": 1,
  "Examples": 4,
  "Doubts": 4,
  "Knowledge": 2,
  "Suggestions": "Good"
},{
  "_id": {
    "$oid": "60ae4bd092e63921f4383563"
  },
  "studentId": 4,
  "educatorId": 7,
  "date": "28-03-2021",
  "subject": "BI",
  "presenting": 3,
  "friendly": 4,
  "efficiency": 2,
  "Time_Utilization": 3,
  "Examples": 5,
  "Doubts": 3,
  "Knowledge": 2,
  "Suggestions": "Bad"
},{
  "_id": {
    "$oid": "60ae4bd092e63921f4383564"
  },
  "studentId": 24,
  "educatorId": 7,
  "date": "10-02-2021",
  "subject": "Data Warehousing",
  "presenting": 3,
  "friendly": 1,
  "efficiency": 4,
  "Time_Utilization": 4,
  "Examples": 2,
  "Doubts": 4,
  "Knowledge": 4,
  "Suggestions": "Very Good"
},{
  "_id": {
    "$oid": "60ae4bd092e63921f4383565"
  },
  "studentId": 9,
  "educatorId": 10,
  "date": "12-02-2021",
  "subject": "MDDM",
  "presenting": 2,
  "friendly": 5,
  "efficiency": 5,
  "Time_Utilization": 4,
  "Examples": 2,
  "Doubts": 2,
  "Knowledge": 2,
  "Suggestions": "Needs Imporvement"
},{
  "_id": {
    "$oid": "60ae4bd092e63921f4383566"
  },
  "studentId": 4,
  "educatorId": 7,
  "date": "25-03-2021",
  "subject": "Microsoft Excel",
  "presenting": 4,
  "friendly": 3,
  "efficiency": 1,
  "Time_Utilization": 5,
  "Examples": 5,
  "Doubts": 5,
  "Knowledge": 4,
  "Suggestions": "Exceptional"
},{
  "_id": {
    "$oid": "60ae4bd092e63921f4383567"
  },
  "studentId": 14,
  "educatorId": 10,
  "date": "29-03-2021",
  "subject": "Probability and Statistics",
  "presenting": 2,
  "friendly": 4,
  "efficiency": 2,
  "Time_Utilization": 2,
  "Examples": 3,
  "Doubts": 3,
  "Knowledge": 1,
  "Suggestions": "Good"
},{
  "_id": {
    "$oid": "60ae4bd092e63921f4383568"
  },
  "studentId": 26,
  "educatorId": 1,
  "date": "02-02-2021",
  "subject": "MongoDB and NoSQL",
  "presenting": 4,
  "friendly": 3,
  "efficiency": 5,
  "Time_Utilization": 4,
  "Examples": 4,
  "Doubts": 1,
  "Knowledge": 1,
  "Suggestions": "Bad"
},{
  "_id": {
    "$oid": "60ae4bd092e63921f4383569"
  },
  "studentId": 25,
  "educatorId": 11,
  "date": "12-03-2021",
  "subject": "SQL Server",
  "presenting": 3,
  "friendly": 1,
  "efficiency": 3,
  "Time_Utilization": 1,
  "Examples": 3,
  "Doubts": 5,
  "Knowledge": 3,
  "Suggestions": "Very Good"
},{
  "_id": {
    "$oid": "60ae4bd092e63921f438356a"
  },
  "studentId": 12,
  "educatorId": 12,
  "date": "14-03-2021",
  "subject": "SSIS",
  "presenting": 4,
  "friendly": 5,
  "efficiency": 4,
  "Time_Utilization": 4,
  "Examples": 2,
  "Doubts": 4,
  "Knowledge": 4,
  "Suggestions": "Needs Imporvement"
},{
  "_id": {
    "$oid": "60ae4bd092e63921f438356b"
  },
  "studentId": 25,
  "educatorId": 6,
  "date": "05-01-2021",
  "subject": "SSAS",
  "presenting": 5,
  "friendly": 1,
  "efficiency": 1,
  "Time_Utilization": 3,
  "Examples": 2,
  "Doubts": 5,
  "Knowledge": 5,
  "Suggestions": "Exceptional"
},{
  "_id": {
    "$oid": "60ae4bd092e63921f438356c"
  },
  "studentId": 18,
  "educatorId": 4,
  "date": "27-03-2021",
  "subject": "SSRS",
  "presenting": 2,
  "friendly": 1,
  "efficiency": 4,
  "Time_Utilization": 1,
  "Examples": 5,
  "Doubts": 5,
  "Knowledge": 3,
  "Suggestions": "Good"
},{
  "_id": {
    "$oid": "60ae4bd092e63921f438356d"
  },
  "studentId": 12,
  "educatorId": 11,
  "date": "19-03-2021",
  "subject": "Intro to Agile",
  "presenting": 1,
  "friendly": 2,
  "efficiency": 5,
  "Time_Utilization": 5,
  "Examples": 1,
  "Doubts": 2,
  "Knowledge": 4,
  "Suggestions": "Bad"
},{
  "_id": {
    "$oid": "60ae4bd092e63921f438356e"
  },
  "studentId": 24,
  "educatorId": 4,
  "date": "04-01-2021",
  "subject": "BI",
  "presenting": 1,
  "friendly": 4,
  "efficiency": 5,
  "Time_Utilization": 3,
  "Examples": 2,
  "Doubts": 1,
  "Knowledge": 2,
  "Suggestions": "Very Good"
},{
  "_id": {
    "$oid": "60ae4bd092e63921f438356f"
  },
  "studentId": 1,
  "educatorId": 10,
  "date": "28-02-2021",
  "subject": "Data Warehousing",
  "presenting": 4,
  "friendly": 2,
  "efficiency": 1,
  "Time_Utilization": 5,
  "Examples": 4,
  "Doubts": 2,
  "Knowledge": 5,
  "Suggestions": "Needs Imporvement"
},{
  "_id": {
    "$oid": "60ae4bd092e63921f4383570"
  },
  "studentId": 1,
  "educatorId": 7,
  "date": "19-02-2021",
  "subject": "MDDM",
  "presenting": 4,
  "friendly": 1,
  "efficiency": 4,
  "Time_Utilization": 5,
  "Examples": 3,
  "Doubts": 1,
  "Knowledge": 2,
  "Suggestions": "Exceptional"
},{
  "_id": {
    "$oid": "60ae4bd092e63921f4383571"
  },
  "studentId": 20,
  "educatorId": 3,
  "date": "18-02-2021",
  "subject": "Microsoft Excel",
  "presenting": 4,
  "friendly": 3,
  "efficiency": 1,
  "Time_Utilization": 2,
  "Examples": 1,
  "Doubts": 2,
  "Knowledge": 2,
  "Suggestions": "Good"
},{
  "_id": {
    "$oid": "60ae4bd092e63921f4383572"
  },
  "studentId": 28,
  "educatorId": 1,
  "date": "14-01-2021",
  "subject": "Probability and Statistics",
  "presenting": 1,
  "friendly": 2,
  "efficiency": 4,
  "Time_Utilization": 1,
  "Examples": 5,
  "Doubts": 1,
  "Knowledge": 2,
  "Suggestions": "Bad"
},{
  "_id": {
    "$oid": "60ae4bd092e63921f4383573"
  },
  "studentId": 26,
  "educatorId": 3,
  "date": "22-01-2021",
  "subject": "MongoDB and NoSQL",
  "presenting": 5,
  "friendly": 1,
  "efficiency": 2,
  "Time_Utilization": 1,
  "Examples": 2,
  "Doubts": 2,
  "Knowledge": 4,
  "Suggestions": "Very Good"
},{
  "_id": {
    "$oid": "60ae4bd092e63921f4383574"
  },
  "studentId": 5,
  "educatorId": 6,
  "date": "16-03-2021",
  "subject": "SQL Server",
  "presenting": 4,
  "friendly": 3,
  "efficiency": 3,
  "Time_Utilization": 4,
  "Examples": 5,
  "Doubts": 5,
  "Knowledge": 1,
  "Suggestions": "Needs Imporvement"
},{
  "_id": {
    "$oid": "60ae4bd092e63921f4383575"
  },
  "studentId": 7,
  "educatorId": 9,
  "date": "08-01-2021",
  "subject": "SSIS",
  "presenting": 2,
  "friendly": 1,
  "efficiency": 1,
  "Time_Utilization": 5,
  "Examples": 4,
  "Doubts": 3,
  "Knowledge": 4,
  "Suggestions": "Exceptional"
},{
  "_id": {
    "$oid": "60ae4bd092e63921f4383576"
  },
  "studentId": 25,
  "educatorId": 10,
  "date": "27-03-2021",
  "subject": "SSAS",
  "presenting": 1,
  "friendly": 4,
  "efficiency": 5,
  "Time_Utilization": 2,
  "Examples": 4,
  "Doubts": 5,
  "Knowledge": 5,
  "Suggestions": "Good"
},{
  "_id": {
    "$oid": "60ae4bd092e63921f4383577"
  },
  "studentId": 11,
  "educatorId": 1,
  "date": "26-03-2021",
  "subject": "SSRS",
  "presenting": 4,
  "friendly": 4,
  "efficiency": 5,
  "Time_Utilization": 5,
  "Examples": 1,
  "Doubts": 5,
  "Knowledge": 4,
  "Suggestions": "Bad"
},{
  "_id": {
    "$oid": "60ae4bd092e63921f4383578"
  },
  "studentId": 29,
  "educatorId": 10,
  "date": "02-01-2021",
  "subject": "Intro to Agile",
  "presenting": 1,
  "friendly": 1,
  "efficiency": 3,
  "Time_Utilization": 2,
  "Examples": 3,
  "Doubts": 3,
  "Knowledge": 3,
  "Suggestions": "Very Good"
},{
  "_id": {
    "$oid": "60ae4bd092e63921f4383579"
  },
  "studentId": 26,
  "educatorId": 6,
  "date": "13-01-2021",
  "subject": "BI",
  "presenting": 2,
  "friendly": 2,
  "efficiency": 3,
  "Time_Utilization": 3,
  "Examples": 1,
  "Doubts": 5,
  "Knowledge": 5,
  "Suggestions": "Needs Imporvement"
},{
  "_id": {
    "$oid": "60ae4bd092e63921f438357a"
  },
  "studentId": 10,
  "educatorId": 1,
  "date": "12-03-2021",
  "subject": "Data Warehousing",
  "presenting": 1,
  "friendly": 4,
  "efficiency": 4,
  "Time_Utilization": 4,
  "Examples": 3,
  "Doubts": 2,
  "Knowledge": 2,
  "Suggestions": "Exceptional"
},{
  "_id": {
    "$oid": "60ae4bd092e63921f438357b"
  },
  "studentId": 11,
  "educatorId": 8,
  "date": "11-02-2021",
  "subject": "MDDM",
  "presenting": 1,
  "friendly": 3,
  "efficiency": 1,
  "Time_Utilization": 4,
  "Examples": 3,
  "Doubts": 1,
  "Knowledge": 5,
  "Suggestions": "Good"
},{
  "_id": {
    "$oid": "60ae4bd092e63921f438357c"
  },
  "studentId": 2,
  "educatorId": 4,
  "date": "11-02-2021",
  "subject": "Microsoft Excel",
  "presenting": 2,
  "friendly": 3,
  "efficiency": 1,
  "Time_Utilization": 5,
  "Examples": 4,
  "Doubts": 5,
  "Knowledge": 2,
  "Suggestions": "Bad"
},{
  "_id": {
    "$oid": "60ae4bd092e63921f438357d"
  },
  "studentId": 31,
  "educatorId": 11,
  "date": "26-01-2021",
  "subject": "Probability and Statistics",
  "presenting": 5,
  "friendly": 4,
  "efficiency": 4,
  "Time_Utilization": 3,
  "Examples": 3,
  "Doubts": 1,
  "Knowledge": 5,
  "Suggestions": "Very Good"
},{
  "_id": {
    "$oid": "60ae4bd092e63921f438357e"
  },
  "studentId": 3,
  "educatorId": 2,
  "date": "30-01-2021",
  "subject": "MongoDB and NoSQL",
  "presenting": 2,
  "friendly": 3,
  "efficiency": 1,
  "Time_Utilization": 2,
  "Examples": 4,
  "Doubts": 2,
  "Knowledge": 5,
  "Suggestions": "Needs Imporvement"
},{
  "_id": {
    "$oid": "60ae4bd092e63921f438357f"
  },
  "studentId": 2,
  "educatorId": 11,
  "date": "05-02-2021",
  "subject": "SQL Server",
  "presenting": 5,
  "friendly": 3,
  "efficiency": 2,
  "Time_Utilization": 3,
  "Examples": 2,
  "Doubts": 5,
  "Knowledge": 1,
  "Suggestions": "Exceptional"
},{
  "_id": {
    "$oid": "60ae4bd092e63921f4383580"
  },
  "studentId": 27,
  "educatorId": 4,
  "date": "22-03-2021",
  "subject": "SSIS",
  "presenting": 3,
  "friendly": 2,
  "efficiency": 3,
  "Time_Utilization": 2,
  "Examples": 4,
  "Doubts": 5,
  "Knowledge": 5,
  "Suggestions": "Good"
},{
  "_id": {
    "$oid": "60ae4bd092e63921f4383581"
  },
  "studentId": 3,
  "educatorId": 7,
  "date": "11-01-2021",
  "subject": "SSAS",
  "presenting": 3,
  "friendly": 3,
  "efficiency": 2,
  "Time_Utilization": 5,
  "Examples": 5,
  "Doubts": 1,
  "Knowledge": 3,
  "Suggestions": "Bad"
},{
  "_id": {
    "$oid": "60ae4bd092e63921f4383582"
  },
  "studentId": 12,
  "educatorId": 2,
  "date": "31-03-2021",
  "subject": "SSRS",
  "presenting": 3,
  "friendly": 5,
  "efficiency": 3,
  "Time_Utilization": 1,
  "Examples": 2,
  "Doubts": 3,
  "Knowledge": 4,
  "Suggestions": "Very Good"
},{
  "_id": {
    "$oid": "60ae4bd092e63921f4383583"
  },
  "studentId": 4,
  "educatorId": 7,
  "date": "19-01-2021",
  "subject": "Intro to Agile",
  "presenting": 2,
  "friendly": 4,
  "efficiency": 1,
  "Time_Utilization": 4,
  "Examples": 3,
  "Doubts": 3,
  "Knowledge": 5,
  "Suggestions": "Needs Imporvement"
},{
  "_id": {
    "$oid": "60ae4bd092e63921f4383584"
  },
  "studentId": 4,
  "educatorId": 7,
  "date": "20-02-2021",
  "subject": "BI",
  "presenting": 2,
  "friendly": 5,
  "efficiency": 5,
  "Time_Utilization": 1,
  "Examples": 3,
  "Doubts": 5,
  "Knowledge": 2,
  "Suggestions": "Exceptional"
},{
  "_id": {
    "$oid": "60ae4bd092e63921f4383585"
  },
  "studentId": 9,
  "educatorId": 8,
  "date": "24-03-2021",
  "subject": "Data Warehousing",
  "presenting": 5,
  "friendly": 3,
  "efficiency": 2,
  "Time_Utilization": 4,
  "Examples": 5,
  "Doubts": 1,
  "Knowledge": 3,
  "Suggestions": "Good"
},{
  "_id": {
    "$oid": "60ae4bd092e63921f4383586"
  },
  "studentId": 15,
  "educatorId": 9,
  "date": "28-01-2021",
  "subject": "MDDM",
  "presenting": 4,
  "friendly": 4,
  "efficiency": 4,
  "Time_Utilization": 4,
  "Examples": 2,
  "Doubts": 5,
  "Knowledge": 4,
  "Suggestions": "Bad"
},{
  "_id": {
    "$oid": "60ae4bd092e63921f4383587"
  },
  "studentId": 24,
  "educatorId": 5,
  "date": "27-02-2021",
  "subject": "Microsoft Excel",
  "presenting": 4,
  "friendly": 1,
  "efficiency": 2,
  "Time_Utilization": 3,
  "Examples": 3,
  "Doubts": 2,
  "Knowledge": 1,
  "Suggestions": "Very Good"
},{
  "_id": {
    "$oid": "60ae4bd092e63921f4383588"
  },
  "studentId": 19,
  "educatorId": 2,
  "date": "20-02-2021",
  "subject": "Probability and Statistics",
  "presenting": 5,
  "friendly": 2,
  "efficiency": 3,
  "Time_Utilization": 2,
  "Examples": 4,
  "Doubts": 4,
  "Knowledge": 3,
  "Suggestions": "Needs Imporvement"
},{
  "_id": {
    "$oid": "60ae4bd092e63921f4383589"
  },
  "studentId": 19,
  "educatorId": 5,
  "date": "09-01-2021",
  "subject": "MongoDB and NoSQL",
  "presenting": 4,
  "friendly": 4,
  "efficiency": 1,
  "Time_Utilization": 1,
  "Examples": 5,
  "Doubts": 2,
  "Knowledge": 4,
  "Suggestions": "Exceptional"
},{
  "_id": {
    "$oid": "60ae4bd092e63921f438358a"
  },
  "studentId": 14,
  "educatorId": 5,
  "date": "10-03-2021",
  "subject": "SQL Server",
  "presenting": 2,
  "friendly": 4,
  "efficiency": 4,
  "Time_Utilization": 4,
  "Examples": 1,
  "Doubts": 2,
  "Knowledge": 1,
  "Suggestions": "Good"
},{
  "_id": {
    "$oid": "60ae4bd092e63921f438358b"
  },
  "studentId": 1,
  "educatorId": 11,
  "date": "20-02-2021",
  "subject": "SSIS",
  "presenting": 2,
  "friendly": 4,
  "efficiency": 1,
  "Time_Utilization": 1,
  "Examples": 5,
  "Doubts": 2,
  "Knowledge": 3,
  "Suggestions": "Bad"
},{
  "_id": {
    "$oid": "60ae4bd092e63921f438358c"
  },
  "studentId": 13,
  "educatorId": 3,
  "date": "11-03-2021",
  "subject": "SSAS",
  "presenting": 5,
  "friendly": 3,
  "efficiency": 5,
  "Time_Utilization": 1,
  "Examples": 5,
  "Doubts": 3,
  "Knowledge": 5,
  "Suggestions": "Very Good"
},{
  "_id": {
    "$oid": "60ae4bd092e63921f438358d"
  },
  "studentId": 11,
  "educatorId": 8,
  "date": "08-02-2021",
  "subject": "SSRS",
  "presenting": 1,
  "friendly": 3,
  "efficiency": 3,
  "Time_Utilization": 5,
  "Examples": 3,
  "Doubts": 5,
  "Knowledge": 1,
  "Suggestions": "Needs Imporvement"
},{
  "_id": {
    "$oid": "60ae4bd092e63921f438358e"
  },
  "studentId": 19,
  "educatorId": 11,
  "date": "19-01-2021",
  "subject": "Intro to Agile",
  "presenting": 4,
  "friendly": 5,
  "efficiency": 5,
  "Time_Utilization": 2,
  "Examples": 5,
  "Doubts": 3,
  "Knowledge": 1,
  "Suggestions": "Exceptional"
},{
  "_id": {
    "$oid": "60ae4bd092e63921f438358f"
  },
  "studentId": 19,
  "educatorId": 11,
  "date": "17-03-2021",
  "subject": "BI",
  "presenting": 1,
  "friendly": 5,
  "efficiency": 4,
  "Time_Utilization": 1,
  "Examples": 3,
  "Doubts": 4,
  "Knowledge": 5,
  "Suggestions": "Good"
},{
  "_id": {
    "$oid": "60ae4bd092e63921f4383590"
  },
  "studentId": 19,
  "educatorId": 9,
  "date": "03-03-2021",
  "subject": "Data Warehousing",
  "presenting": 5,
  "friendly": 3,
  "efficiency": 2,
  "Time_Utilization": 3,
  "Examples": 1,
  "Doubts": 2,
  "Knowledge": 5,
  "Suggestions": "Bad"
},{
  "_id": {
    "$oid": "60ae4bd092e63921f4383591"
  },
  "studentId": 5,
  "educatorId": 7,
  "date": "20-03-2021",
  "subject": "MDDM",
  "presenting": 3,
  "friendly": 3,
  "efficiency": 3,
  "Time_Utilization": 1,
  "Examples": 1,
  "Doubts": 1,
  "Knowledge": 3,
  "Suggestions": "Very Good"
},{
  "_id": {
    "$oid": "60ae4bd092e63921f4383592"
  },
  "studentId": 1,
  "educatorId": 8,
  "date": "27-01-2021",
  "subject": "Microsoft Excel",
  "presenting": 5,
  "friendly": 4,
  "efficiency": 1,
  "Time_Utilization": 3,
  "Examples": 5,
  "Doubts": 5,
  "Knowledge": 5,
  "Suggestions": "Needs Imporvement"
},{
  "_id": {
    "$oid": "60ae4bd092e63921f4383593"
  },
  "studentId": 6,
  "educatorId": 8,
  "date": "25-01-2021",
  "subject": "Probability and Statistics",
  "presenting": 1,
  "friendly": 2,
  "efficiency": 1,
  "Time_Utilization": 4,
  "Examples": 5,
  "Doubts": 4,
  "Knowledge": 5,
  "Suggestions": "Exceptional"
},{
  "_id": {
    "$oid": "60ae4bd092e63921f4383594"
  },
  "studentId": 17,
  "educatorId": 10,
  "date": "13-02-2021",
  "subject": "MongoDB and NoSQL",
  "presenting": 4,
  "friendly": 2,
  "efficiency": 4,
  "Time_Utilization": 4,
  "Examples": 1,
  "Doubts": 3,
  "Knowledge": 1,
  "Suggestions": "Good"
},{
  "_id": {
    "$oid": "60ae4bd092e63921f4383595"
  },
  "studentId": 24,
  "educatorId": 10,
  "date": "29-03-2021",
  "subject": "SQL Server",
  "presenting": 2,
  "friendly": 4,
  "efficiency": 4,
  "Time_Utilization": 4,
  "Examples": 3,
  "Doubts": 3,
  "Knowledge": 1,
  "Suggestions": "Bad"
},{
  "_id": {
    "$oid": "60ae4bd092e63921f4383596"
  },
  "studentId": 21,
  "educatorId": 6,
  "date": "18-01-2021",
  "subject": "SSIS",
  "presenting": 2,
  "friendly": 4,
  "efficiency": 5,
  "Time_Utilization": 1,
  "Examples": 3,
  "Doubts": 2,
  "Knowledge": 1,
  "Suggestions": "Very Good"
},{
  "_id": {
    "$oid": "60ae4bd092e63921f4383597"
  },
  "studentId": 1,
  "educatorId": 4,
  "date": "22-01-2021",
  "subject": "SSAS",
  "presenting": 4,
  "friendly": 5,
  "efficiency": 2,
  "Time_Utilization": 4,
  "Examples": 2,
  "Doubts": 4,
  "Knowledge": 2,
  "Suggestions": "Needs Imporvement"
},{
  "_id": {
    "$oid": "60ae4bd092e63921f4383598"
  },
  "studentId": 26,
  "educatorId": 10,
  "date": "10-03-2021",
  "subject": "SSRS",
  "presenting": 3,
  "friendly": 5,
  "efficiency": 4,
  "Time_Utilization": 1,
  "Examples": 1,
  "Doubts": 5,
  "Knowledge": 4,
  "Suggestions": "Exceptional"
},{
  "_id": {
    "$oid": "60ae4bd092e63921f4383599"
  },
  "studentId": 14,
  "educatorId": 8,
  "date": "10-01-2021",
  "subject": "Intro to Agile",
  "presenting": 3,
  "friendly": 5,
  "efficiency": 4,
  "Time_Utilization": 1,
  "Examples": 4,
  "Doubts": 2,
  "Knowledge": 1,
  "Suggestions": "Good"
},{
  "_id": {
    "$oid": "60ae4bd092e63921f438359a"
  },
  "studentId": 14,
  "educatorId": 10,
  "date": "05-03-2021",
  "subject": "BI",
  "presenting": 5,
  "friendly": 4,
  "efficiency": 3,
  "Time_Utilization": 3,
  "Examples": 3,
  "Doubts": 1,
  "Knowledge": 2,
  "Suggestions": "Bad"
},{
  "_id": {
    "$oid": "60ae4bd092e63921f438359b"
  },
  "studentId": 7,
  "educatorId": 7,
  "date": "11-02-2021",
  "subject": "Data Warehousing",
  "presenting": 1,
  "friendly": 5,
  "efficiency": 1,
  "Time_Utilization": 1,
  "Examples": 5,
  "Doubts": 4,
  "Knowledge": 1,
  "Suggestions": "Very Good"
},{
  "_id": {
    "$oid": "60ae4bd092e63921f438359c"
  },
  "studentId": 30,
  "educatorId": 2,
  "date": "03-02-2021",
  "subject": "MDDM",
  "presenting": 3,
  "friendly": 5,
  "efficiency": 4,
  "Time_Utilization": 1,
  "Examples": 5,
  "Doubts": 5,
  "Knowledge": 5,
  "Suggestions": "Needs Imporvement"
},{
  "_id": {
    "$oid": "60ae4bd092e63921f438359d"
  },
  "studentId": 19,
  "educatorId": 3,
  "date": "10-02-2021",
  "subject": "Microsoft Excel",
  "presenting": 2,
  "friendly": 4,
  "efficiency": 1,
  "Time_Utilization": 2,
  "Examples": 2,
  "Doubts": 1,
  "Knowledge": 1,
  "Suggestions": "Exceptional"
},{
  "_id": {
    "$oid": "60ae4bd092e63921f438359e"
  },
  "studentId": 28,
  "educatorId": 6,
  "date": "28-03-2021",
  "subject": "Probability and Statistics",
  "presenting": 4,
  "friendly": 3,
  "efficiency": 3,
  "Time_Utilization": 1,
  "Examples": 1,
  "Doubts": 4,
  "Knowledge": 4,
  "Suggestions": "Good"
},{
  "_id": {
    "$oid": "60ae4bd092e63921f438359f"
  },
  "studentId": 29,
  "educatorId": 6,
  "date": "09-02-2021",
  "subject": "MongoDB and NoSQL",
  "presenting": 1,
  "friendly": 1,
  "efficiency": 1,
  "Time_Utilization": 4,
  "Examples": 4,
  "Doubts": 1,
  "Knowledge": 1,
  "Suggestions": "Bad"
},{
  "_id": {
    "$oid": "60ae4bd092e63921f43835a0"
  },
  "studentId": 28,
  "educatorId": 11,
  "date": "01-02-2021",
  "subject": "SQL Server",
  "presenting": 1,
  "friendly": 3,
  "efficiency": 5,
  "Time_Utilization": 1,
  "Examples": 3,
  "Doubts": 4,
  "Knowledge": 3,
  "Suggestions": "Very Good"
},{
  "_id": {
    "$oid": "60ae4bd092e63921f43835a1"
  },
  "studentId": 28,
  "educatorId": 11,
  "date": "20-03-2021",
  "subject": "SSIS",
  "presenting": 3,
  "friendly": 5,
  "efficiency": 5,
  "Time_Utilization": 5,
  "Examples": 2,
  "Doubts": 3,
  "Knowledge": 3,
  "Suggestions": "Needs Imporvement"
},{
  "_id": {
    "$oid": "60ae4bd092e63921f43835a2"
  },
  "studentId": 16,
  "educatorId": 11,
  "date": "13-01-2021",
  "subject": "SSAS",
  "presenting": 2,
  "friendly": 1,
  "efficiency": 1,
  "Time_Utilization": 2,
  "Examples": 2,
  "Doubts": 1,
  "Knowledge": 2,
  "Suggestions": "Exceptional"
},{
  "_id": {
    "$oid": "60ae4bd092e63921f43835a3"
  },
  "studentId": 31,
  "educatorId": 9,
  "date": "13-02-2021",
  "subject": "SSRS",
  "presenting": 5,
  "friendly": 4,
  "efficiency": 5,
  "Time_Utilization": 4,
  "Examples": 2,
  "Doubts": 3,
  "Knowledge": 5,
  "Suggestions": "Good"
},{
  "_id": {
    "$oid": "60ae4bd092e63921f43835a4"
  },
  "studentId": 18,
  "educatorId": 4,
  "date": "12-01-2021",
  "subject": "Intro to Agile",
  "presenting": 2,
  "friendly": 4,
  "efficiency": 2,
  "Time_Utilization": 2,
  "Examples": 2,
  "Doubts": 2,
  "Knowledge": 4,
  "Suggestions": "Bad"
},{
  "_id": {
    "$oid": "60ae4bd092e63921f43835a5"
  },
  "studentId": 13,
  "educatorId": 6,
  "date": "11-01-2021",
  "subject": "BI",
  "presenting": 5,
  "friendly": 1,
  "efficiency": 3,
  "Time_Utilization": 1,
  "Examples": 5,
  "Doubts": 5,
  "Knowledge": 1,
  "Suggestions": "Very Good"
},{
  "_id": {
    "$oid": "60ae4bd092e63921f43835a6"
  },
  "studentId": 23,
  "educatorId": 7,
  "date": "31-03-2021",
  "subject": "Data Warehousing",
  "presenting": 3,
  "friendly": 4,
  "efficiency": 4,
  "Time_Utilization": 4,
  "Examples": 1,
  "Doubts": 2,
  "Knowledge": 3,
  "Suggestions": "Needs Imporvement"
},{
  "_id": {
    "$oid": "60ae4bd092e63921f43835a7"
  },
  "studentId": 24,
  "educatorId": 10,
  "date": "25-03-2021",
  "subject": "MDDM",
  "presenting": 4,
  "friendly": 4,
  "efficiency": 1,
  "Time_Utilization": 5,
  "Examples": 1,
  "Doubts": 1,
  "Knowledge": 2,
  "Suggestions": "Exceptional"
},{
  "_id": {
    "$oid": "60ae4bd092e63921f43835a8"
  },
  "studentId": 7,
  "educatorId": 5,
  "date": "25-03-2021",
  "subject": "Microsoft Excel",
  "presenting": 3,
  "friendly": 2,
  "efficiency": 3,
  "Time_Utilization": 2,
  "Examples": 3,
  "Doubts": 5,
  "Knowledge": 2,
  "Suggestions": "Good"
},{
  "_id": {
    "$oid": "60ae4bd092e63921f43835a9"
  },
  "studentId": 8,
  "educatorId": 5,
  "date": "06-03-2021",
  "subject": "Probability and Statistics",
  "presenting": 5,
  "friendly": 3,
  "efficiency": 5,
  "Time_Utilization": 4,
  "Examples": 2,
  "Doubts": 2,
  "Knowledge": 2,
  "Suggestions": "Bad"
},{
  "_id": {
    "$oid": "60ae4bd092e63921f43835aa"
  },
  "studentId": 31,
  "educatorId": 12,
  "date": "17-02-2021",
  "subject": "MongoDB and NoSQL",
  "presenting": 2,
  "friendly": 1,
  "efficiency": 2,
  "Time_Utilization": 3,
  "Examples": 5,
  "Doubts": 2,
  "Knowledge": 2,
  "Suggestions": "Very Good"
},{
  "_id": {
    "$oid": "60ae4bd092e63921f43835ab"
  },
  "studentId": 28,
  "educatorId": 4,
  "date": "07-03-2021",
  "subject": "SQL Server",
  "presenting": 5,
  "friendly": 1,
  "efficiency": 2,
  "Time_Utilization": 3,
  "Examples": 1,
  "Doubts": 5,
  "Knowledge": 3,
  "Suggestions": "Needs Imporvement"
},{
  "_id": {
    "$oid": "60ae4bd092e63921f43835ac"
  },
  "studentId": 25,
  "educatorId": 11,
  "date": "18-02-2021",
  "subject": "SSIS",
  "presenting": 3,
  "friendly": 5,
  "efficiency": 4,
  "Time_Utilization": 3,
  "Examples": 4,
  "Doubts": 2,
  "Knowledge": 5,
  "Suggestions": "Exceptional"
},{
  "_id": {
    "$oid": "60ae4bd092e63921f43835ad"
  },
  "studentId": 4,
  "educatorId": 11,
  "date": "29-03-2021",
  "subject": "SSAS",
  "presenting": 4,
  "friendly": 2,
  "efficiency": 1,
  "Time_Utilization": 5,
  "Examples": 1,
  "Doubts": 4,
  "Knowledge": 5,
  "Suggestions": "Good"
},{
  "_id": {
    "$oid": "60ae4bd092e63921f43835ae"
  },
  "studentId": 23,
  "educatorId": 5,
  "date": "04-02-2021",
  "subject": "SSRS",
  "presenting": 5,
  "friendly": 3,
  "efficiency": 4,
  "Time_Utilization": 4,
  "Examples": 4,
  "Doubts": 2,
  "Knowledge": 5,
  "Suggestions": "Bad"
},{
  "_id": {
    "$oid": "60ae4bd092e63921f43835af"
  },
  "studentId": 13,
  "educatorId": 1,
  "date": "20-02-2021",
  "subject": "Intro to Agile",
  "presenting": 2,
  "friendly": 5,
  "efficiency": 5,
  "Time_Utilization": 3,
  "Examples": 4,
  "Doubts": 1,
  "Knowledge": 4,
  "Suggestions": "Very Good"
},{
  "_id": {
    "$oid": "60ae4bd092e63921f43835b0"
  },
  "studentId": 8,
  "educatorId": 12,
  "date": "01-03-2021",
  "subject": "BI",
  "presenting": 3,
  "friendly": 3,
  "efficiency": 3,
  "Time_Utilization": 3,
  "Examples": 1,
  "Doubts": 4,
  "Knowledge": 2,
  "Suggestions": "Needs Imporvement"
},{
  "_id": {
    "$oid": "60ae4bd092e63921f43835b1"
  },
  "studentId": 5,
  "educatorId": 7,
  "date": "07-02-2021",
  "subject": "Data Warehousing",
  "presenting": 5,
  "friendly": 4,
  "efficiency": 5,
  "Time_Utilization": 1,
  "Examples": 3,
  "Doubts": 1,
  "Knowledge": 5,
  "Suggestions": "Exceptional"
},{
  "_id": {
    "$oid": "60ae4bd092e63921f43835b2"
  },
  "studentId": 5,
  "educatorId": 8,
  "date": "28-02-2021",
  "subject": "MDDM",
  "presenting": 4,
  "friendly": 5,
  "efficiency": 3,
  "Time_Utilization": 5,
  "Examples": 5,
  "Doubts": 5,
  "Knowledge": 3,
  "Suggestions": "Good"
},{
  "_id": {
    "$oid": "60ae4bd092e63921f43835b3"
  },
  "studentId": 12,
  "educatorId": 11,
  "date": "25-02-2021",
  "subject": "Microsoft Excel",
  "presenting": 1,
  "friendly": 2,
  "efficiency": 2,
  "Time_Utilization": 1,
  "Examples": 4,
  "Doubts": 4,
  "Knowledge": 1,
  "Suggestions": "Bad"
},{
  "_id": {
    "$oid": "60ae4bd092e63921f43835b4"
  },
  "studentId": 21,
  "educatorId": 8,
  "date": "09-03-2021",
  "subject": "Probability and Statistics",
  "presenting": 4,
  "friendly": 4,
  "efficiency": 3,
  "Time_Utilization": 2,
  "Examples": 3,
  "Doubts": 3,
  "Knowledge": 3,
  "Suggestions": "Very Good"
},{
  "_id": {
    "$oid": "60ae4bd092e63921f43835b5"
  },
  "studentId": 18,
  "educatorId": 9,
  "date": "23-02-2021",
  "subject": "MongoDB and NoSQL",
  "presenting": 2,
  "friendly": 5,
  "efficiency": 4,
  "Time_Utilization": 2,
  "Examples": 5,
  "Doubts": 2,
  "Knowledge": 5,
  "Suggestions": "Needs Imporvement"
},{
  "_id": {
    "$oid": "60ae4bd092e63921f43835b6"
  },
  "studentId": 30,
  "educatorId": 2,
  "date": "06-02-2021",
  "subject": "SQL Server",
  "presenting": 3,
  "friendly": 4,
  "efficiency": 5,
  "Time_Utilization": 2,
  "Examples": 3,
  "Doubts": 2,
  "Knowledge": 4,
  "Suggestions": "Exceptional"
},{
  "_id": {
    "$oid": "60ae4bd092e63921f43835b7"
  },
  "studentId": 26,
  "educatorId": 9,
  "date": "05-03-2021",
  "subject": "SSIS",
  "presenting": 3,
  "friendly": 2,
  "efficiency": 4,
  "Time_Utilization": 3,
  "Examples": 4,
  "Doubts": 4,
  "Knowledge": 2,
  "Suggestions": "Good"
},{
  "_id": {
    "$oid": "60ae4bd092e63921f43835b8"
  },
  "studentId": 6,
  "educatorId": 10,
  "date": "15-03-2021",
  "subject": "SSAS",
  "presenting": 2,
  "friendly": 2,
  "efficiency": 3,
  "Time_Utilization": 1,
  "Examples": 2,
  "Doubts": 1,
  "Knowledge": 3,
  "Suggestions": "Bad"
},{
  "_id": {
    "$oid": "60ae4bd092e63921f43835b9"
  },
  "studentId": 23,
  "educatorId": 1,
  "date": "11-01-2021",
  "subject": "SSRS",
  "presenting": 1,
  "friendly": 4,
  "efficiency": 5,
  "Time_Utilization": 1,
  "Examples": 5,
  "Doubts": 4,
  "Knowledge": 4,
  "Suggestions": "Very Good"
},{
  "_id": {
    "$oid": "60ae4bd092e63921f43835ba"
  },
  "studentId": 8,
  "educatorId": 5,
  "date": "07-01-2021",
  "subject": "Intro to Agile",
  "presenting": 2,
  "friendly": 5,
  "efficiency": 1,
  "Time_Utilization": 4,
  "Examples": 4,
  "Doubts": 1,
  "Knowledge": 3,
  "Suggestions": "Needs Imporvement"
},{
  "_id": {
    "$oid": "60ae4bd092e63921f43835bb"
  },
  "studentId": 6,
  "educatorId": 8,
  "date": "18-03-2021",
  "subject": "BI",
  "presenting": 2,
  "friendly": 3,
  "efficiency": 1,
  "Time_Utilization": 3,
  "Examples": 4,
  "Doubts": 1,
  "Knowledge": 3,
  "Suggestions": "Exceptional"
},{
  "_id": {
    "$oid": "60ae4bd092e63921f43835bc"
  },
  "studentId": 22,
  "educatorId": 11,
  "date": "06-01-2021",
  "subject": "Data Warehousing",
  "presenting": 4,
  "friendly": 1,
  "efficiency": 3,
  "Time_Utilization": 2,
  "Examples": 5,
  "Doubts": 4,
  "Knowledge": 3,
  "Suggestions": "Good"
},{
  "_id": {
    "$oid": "60ae4bd092e63921f43835bd"
  },
  "studentId": 31,
  "educatorId": 12,
  "date": "22-02-2021",
  "subject": "MDDM",
  "presenting": 3,
  "friendly": 5,
  "efficiency": 5,
  "Time_Utilization": 5,
  "Examples": 2,
  "Doubts": 1,
  "Knowledge": 2,
  "Suggestions": "Bad"
},{
  "_id": {
    "$oid": "60ae4bd092e63921f43835be"
  },
  "studentId": 31,
  "educatorId": 11,
  "date": "31-01-2021",
  "subject": "Microsoft Excel",
  "presenting": 2,
  "friendly": 3,
  "efficiency": 2,
  "Time_Utilization": 3,
  "Examples": 2,
  "Doubts": 2,
  "Knowledge": 1,
  "Suggestions": "Very Good"
},{
  "_id": {
    "$oid": "60ae4bd092e63921f43835bf"
  },
  "studentId": 27,
  "educatorId": 10,
  "date": "30-03-2021",
  "subject": "Probability and Statistics",
  "presenting": 2,
  "friendly": 3,
  "efficiency": 2,
  "Time_Utilization": 5,
  "Examples": 3,
  "Doubts": 2,
  "Knowledge": 3,
  "Suggestions": "Needs Imporvement"
},{
  "_id": {
    "$oid": "60ae4bd092e63921f43835c0"
  },
  "studentId": 14,
  "educatorId": 7,
  "date": "18-02-2021",
  "subject": "MongoDB and NoSQL",
  "presenting": 1,
  "friendly": 5,
  "efficiency": 3,
  "Time_Utilization": 1,
  "Examples": 2,
  "Doubts": 4,
  "Knowledge": 5,
  "Suggestions": "Exceptional"
},{
  "_id": {
    "$oid": "60ae4bd092e63921f43835c1"
  },
  "studentId": 6,
  "educatorId": 9,
  "date": "26-01-2021",
  "subject": "SQL Server",
  "presenting": 2,
  "friendly": 1,
  "efficiency": 3,
  "Time_Utilization": 2,
  "Examples": 3,
  "Doubts": 2,
  "Knowledge": 4,
  "Suggestions": "Good"
},{
  "_id": {
    "$oid": "60ae4bd092e63921f43835c2"
  },
  "studentId": 17,
  "educatorId": 10,
  "date": "12-03-2021",
  "subject": "SSIS",
  "presenting": 2,
  "friendly": 4,
  "efficiency": 5,
  "Time_Utilization": 3,
  "Examples": 3,
  "Doubts": 5,
  "Knowledge": 1,
  "Suggestions": "Bad"
},{
  "_id": {
    "$oid": "60ae4bd092e63921f43835c3"
  },
  "studentId": 22,
  "educatorId": 10,
  "date": "13-03-2021",
  "subject": "SSAS",
  "presenting": 4,
  "friendly": 4,
  "efficiency": 2,
  "Time_Utilization": 4,
  "Examples": 2,
  "Doubts": 4,
  "Knowledge": 2,
  "Suggestions": "Very Good"
},{
  "_id": {
    "$oid": "60ae4bd092e63921f43835c4"
  },
  "studentId": 16,
  "educatorId": 9,
  "date": "26-01-2021",
  "subject": "SSRS",
  "presenting": 2,
  "friendly": 1,
  "efficiency": 3,
  "Time_Utilization": 4,
  "Examples": 1,
  "Doubts": 1,
  "Knowledge": 2,
  "Suggestions": "Needs Imporvement"
},{
  "_id": {
    "$oid": "60ae4bd092e63921f43835c5"
  },
  "studentId": 28,
  "educatorId": 1,
  "date": "19-02-2021",
  "subject": "Intro to Agile",
  "presenting": 1,
  "friendly": 4,
  "efficiency": 1,
  "Time_Utilization": 4,
  "Examples": 3,
  "Doubts": 4,
  "Knowledge": 4,
  "Suggestions": "Exceptional"
},{
  "_id": {
    "$oid": "60ae4bd092e63921f43835c6"
  },
  "studentId": 16,
  "educatorId": 4,
  "date": "31-01-2021",
  "subject": "BI",
  "presenting": 1,
  "friendly": 4,
  "efficiency": 2,
  "Time_Utilization": 2,
  "Examples": 5,
  "Doubts": 5,
  "Knowledge": 3,
  "Suggestions": "Good"
},{
  "_id": {
    "$oid": "60ae4bd092e63921f43835c7"
  },
  "studentId": 4,
  "educatorId": 7,
  "date": "01-03-2021",
  "subject": "Data Warehousing",
  "presenting": 5,
  "friendly": 4,
  "efficiency": 1,
  "Time_Utilization": 2,
  "Examples": 2,
  "Doubts": 2,
  "Knowledge": 4,
  "Suggestions": "Bad"
},{
  "_id": {
    "$oid": "60ae4bd092e63921f43835c8"
  },
  "studentId": 8,
  "educatorId": 7,
  "date": "12-01-2021",
  "subject": "MDDM",
  "presenting": 4,
  "friendly": 4,
  "efficiency": 1,
  "Time_Utilization": 5,
  "Examples": 5,
  "Doubts": 3,
  "Knowledge": 4,
  "Suggestions": "Very Good"
},{
  "_id": {
    "$oid": "60ae4bd092e63921f43835c9"
  },
  "studentId": 30,
  "educatorId": 9,
  "date": "15-03-2021",
  "subject": "Microsoft Excel",
  "presenting": 2,
  "friendly": 5,
  "efficiency": 5,
  "Time_Utilization": 5,
  "Examples": 4,
  "Doubts": 4,
  "Knowledge": 1,
  "Suggestions": "Needs Imporvement"
},{
  "_id": {
    "$oid": "60ae4bd092e63921f43835ca"
  },
  "studentId": 22,
  "educatorId": 3,
  "date": "20-03-2021",
  "subject": "Probability and Statistics",
  "presenting": 3,
  "friendly": 2,
  "efficiency": 3,
  "Time_Utilization": 3,
  "Examples": 5,
  "Doubts": 4,
  "Knowledge": 5,
  "Suggestions": "Exceptional"
},{
  "_id": {
    "$oid": "60ae4bd092e63921f43835cb"
  },
  "studentId": 15,
  "educatorId": 1,
  "date": "22-03-2021",
  "subject": "MongoDB and NoSQL",
  "presenting": 3,
  "friendly": 1,
  "efficiency": 3,
  "Time_Utilization": 4,
  "Examples": 1,
  "Doubts": 4,
  "Knowledge": 4,
  "Suggestions": "Good"
},{
  "_id": {
    "$oid": "60ae4bd092e63921f43835cc"
  },
  "studentId": 22,
  "educatorId": 6,
  "date": "20-03-2021",
  "subject": "SQL Server",
  "presenting": 5,
  "friendly": 5,
  "efficiency": 3,
  "Time_Utilization": 2,
  "Examples": 4,
  "Doubts": 4,
  "Knowledge": 4,
  "Suggestions": "Bad"
},{
  "_id": {
    "$oid": "60ae4bd092e63921f43835cd"
  },
  "studentId": 1,
  "educatorId": 4,
  "date": "29-03-2021",
  "subject": "SSIS",
  "presenting": 4,
  "friendly": 2,
  "efficiency": 1,
  "Time_Utilization": 1,
  "Examples": 5,
  "Doubts": 5,
  "Knowledge": 2,
  "Suggestions": "Very Good"
},{
  "_id": {
    "$oid": "60ae4bd092e63921f43835ce"
  },
  "studentId": 16,
  "educatorId": 8,
  "date": "18-02-2021",
  "subject": "SSAS",
  "presenting": 5,
  "friendly": 4,
  "efficiency": 5,
  "Time_Utilization": 5,
  "Examples": 1,
  "Doubts": 1,
  "Knowledge": 1,
  "Suggestions": "Needs Imporvement"
},{
  "_id": {
    "$oid": "60ae4bd092e63921f43835cf"
  },
  "studentId": 12,
  "educatorId": 9,
  "date": "20-03-2021",
  "subject": "SSRS",
  "presenting": 5,
  "friendly": 4,
  "efficiency": 5,
  "Time_Utilization": 3,
  "Examples": 3,
  "Doubts": 3,
  "Knowledge": 5,
  "Suggestions": "Exceptional"
},{
  "_id": {
    "$oid": "60ae4bd092e63921f43835d0"
  },
  "studentId": 10,
  "educatorId": 9,
  "date": "14-03-2021",
  "subject": "Intro to Agile",
  "presenting": 5,
  "friendly": 1,
  "efficiency": 5,
  "Time_Utilization": 2,
  "Examples": 5,
  "Doubts": 1,
  "Knowledge": 3,
  "Suggestions": "Good"
},{
  "_id": {
    "$oid": "60ae4bd092e63921f43835d1"
  },
  "studentId": 16,
  "educatorId": 4,
  "date": "02-02-2021",
  "subject": "BI",
  "presenting": 2,
  "friendly": 4,
  "efficiency": 4,
  "Time_Utilization": 5,
  "Examples": 1,
  "Doubts": 5,
  "Knowledge": 2,
  "Suggestions": "Bad"
},{
  "_id": {
    "$oid": "60ae4bd092e63921f43835d2"
  },
  "studentId": 26,
  "educatorId": 4,
  "date": "09-03-2021",
  "subject": "Data Warehousing",
  "presenting": 5,
  "friendly": 1,
  "efficiency": 2,
  "Time_Utilization": 4,
  "Examples": 5,
  "Doubts": 5,
  "Knowledge": 3,
  "Suggestions": "Very Good"
},{
  "_id": {
    "$oid": "60ae4bd092e63921f43835d3"
  },
  "studentId": 8,
  "educatorId": 2,
  "date": "11-01-2021",
  "subject": "MDDM",
  "presenting": 4,
  "friendly": 3,
  "efficiency": 1,
  "Time_Utilization": 3,
  "Examples": 3,
  "Doubts": 5,
  "Knowledge": 2,
  "Suggestions": "Needs Imporvement"
},{
  "_id": {
    "$oid": "60ae4bd092e63921f43835d4"
  },
  "studentId": 19,
  "educatorId": 3,
  "date": "01-02-2021",
  "subject": "Microsoft Excel",
  "presenting": 2,
  "friendly": 4,
  "efficiency": 3,
  "Time_Utilization": 5,
  "Examples": 3,
  "Doubts": 5,
  "Knowledge": 4,
  "Suggestions": "Exceptional"
},{
  "_id": {
    "$oid": "60ae4bd092e63921f43835d5"
  },
  "studentId": 10,
  "educatorId": 4,
  "date": "18-02-2021",
  "subject": "Probability and Statistics",
  "presenting": 3,
  "friendly": 2,
  "efficiency": 4,
  "Time_Utilization": 1,
  "Examples": 2,
  "Doubts": 4,
  "Knowledge": 1,
  "Suggestions": "Good"
},{
  "_id": {
    "$oid": "60ae4bd092e63921f43835d6"
  },
  "studentId": 13,
  "educatorId": 6,
  "date": "03-03-2021",
  "subject": "MongoDB and NoSQL",
  "presenting": 4,
  "friendly": 4,
  "efficiency": 1,
  "Time_Utilization": 5,
  "Examples": 3,
  "Doubts": 5,
  "Knowledge": 1,
  "Suggestions": "Bad"
},{
  "_id": {
    "$oid": "60ae4bd092e63921f43835d7"
  },
  "studentId": 8,
  "educatorId": 1,
  "date": "17-01-2021",
  "subject": "SQL Server",
  "presenting": 5,
  "friendly": 4,
  "efficiency": 3,
  "Time_Utilization": 3,
  "Examples": 4,
  "Doubts": 5,
  "Knowledge": 2,
  "Suggestions": "Very Good"
},{
  "_id": {
    "$oid": "60ae4bd092e63921f43835d8"
  },
  "studentId": 25,
  "educatorId": 11,
  "date": "06-01-2021",
  "subject": "SSIS",
  "presenting": 4,
  "friendly": 5,
  "efficiency": 1,
  "Time_Utilization": 5,
  "Examples": 4,
  "Doubts": 4,
  "Knowledge": 1,
  "Suggestions": "Needs Imporvement"
},{
  "_id": {
    "$oid": "60ae4bd092e63921f43835d9"
  },
  "studentId": 17,
  "educatorId": 2,
  "date": "13-03-2021",
  "subject": "SSAS",
  "presenting": 4,
  "friendly": 5,
  "efficiency": 2,
  "Time_Utilization": 5,
  "Examples": 5,
  "Doubts": 2,
  "Knowledge": 4,
  "Suggestions": "Exceptional"
},{
  "_id": {
    "$oid": "60ae4bd092e63921f43835da"
  },
  "studentId": 4,
  "educatorId": 8,
  "date": "18-03-2021",
  "subject": "SSRS",
  "presenting": 1,
  "friendly": 3,
  "efficiency": 3,
  "Time_Utilization": 5,
  "Examples": 1,
  "Doubts": 1,
  "Knowledge": 1,
  "Suggestions": "Good"
},{
  "_id": {
    "$oid": "60ae4bd092e63921f43835db"
  },
  "studentId": 5,
  "educatorId": 5,
  "date": "01-01-2021",
  "subject": "Intro to Agile",
  "presenting": 2,
  "friendly": 4,
  "efficiency": 5,
  "Time_Utilization": 2,
  "Examples": 1,
  "Doubts": 2,
  "Knowledge": 1,
  "Suggestions": "Bad"
},{
  "_id": {
    "$oid": "60ae4bd092e63921f43835dc"
  },
  "studentId": 10,
  "educatorId": 2,
  "date": "01-03-2021",
  "subject": "BI",
  "presenting": 1,
  "friendly": 1,
  "efficiency": 1,
  "Time_Utilization": 4,
  "Examples": 4,
  "Doubts": 1,
  "Knowledge": 1,
  "Suggestions": "Very Good"
},{
  "_id": {
    "$oid": "60ae4bd092e63921f43835dd"
  },
  "studentId": 31,
  "educatorId": 7,
  "date": "29-01-2021",
  "subject": "Data Warehousing",
  "presenting": 2,
  "friendly": 5,
  "efficiency": 1,
  "Time_Utilization": 5,
  "Examples": 2,
  "Doubts": 5,
  "Knowledge": 2,
  "Suggestions": "Needs Imporvement"
},{
  "_id": {
    "$oid": "60ae4bd092e63921f43835de"
  },
  "studentId": 23,
  "educatorId": 9,
  "date": "09-01-2021",
  "subject": "MDDM",
  "presenting": 2,
  "friendly": 5,
  "efficiency": 5,
  "Time_Utilization": 2,
  "Examples": 1,
  "Doubts": 3,
  "Knowledge": 1,
  "Suggestions": "Exceptional"
},{
  "_id": {
    "$oid": "60ae4bd092e63921f43835df"
  },
  "studentId": 15,
  "educatorId": 12,
  "date": "15-01-2021",
  "subject": "Microsoft Excel",
  "presenting": 4,
  "friendly": 4,
  "efficiency": 1,
  "Time_Utilization": 1,
  "Examples": 5,
  "Doubts": 2,
  "Knowledge": 5,
  "Suggestions": "Good"
},{
  "_id": {
    "$oid": "60ae4bd092e63921f43835e0"
  },
  "studentId": 25,
  "educatorId": 3,
  "date": "29-03-2021",
  "subject": "Probability and Statistics",
  "presenting": 4,
  "friendly": 1,
  "efficiency": 3,
  "Time_Utilization": 3,
  "Examples": 1,
  "Doubts": 2,
  "Knowledge": 5,
  "Suggestions": "Bad"
},{
  "_id": {
    "$oid": "60ae4bd092e63921f43835e1"
  },
  "studentId": 6,
  "educatorId": 8,
  "date": "12-01-2021",
  "subject": "MongoDB and NoSQL",
  "presenting": 5,
  "friendly": 1,
  "efficiency": 5,
  "Time_Utilization": 5,
  "Examples": 3,
  "Doubts": 5,
  "Knowledge": 5,
  "Suggestions": "Very Good"
},{
  "_id": {
    "$oid": "60ae4bd092e63921f43835e2"
  },
  "studentId": 14,
  "educatorId": 1,
  "date": "02-02-2021",
  "subject": "SQL Server",
  "presenting": 1,
  "friendly": 4,
  "efficiency": 1,
  "Time_Utilization": 5,
  "Examples": 5,
  "Doubts": 4,
  "Knowledge": 5,
  "Suggestions": "Needs Imporvement"
},{
  "_id": {
    "$oid": "60ae4bd092e63921f43835e3"
  },
  "studentId": 25,
  "educatorId": 4,
  "date": "16-02-2021",
  "subject": "SSIS",
  "presenting": 5,
  "friendly": 5,
  "efficiency": 2,
  "Time_Utilization": 2,
  "Examples": 3,
  "Doubts": 2,
  "Knowledge": 3,
  "Suggestions": "Exceptional"
},{
  "_id": {
    "$oid": "60ae4bd092e63921f43835e4"
  },
  "studentId": 1,
  "educatorId": 4,
  "date": "07-03-2021",
  "subject": "SSAS",
  "presenting": 4,
  "friendly": 1,
  "efficiency": 3,
  "Time_Utilization": 4,
  "Examples": 2,
  "Doubts": 5,
  "Knowledge": 2,
  "Suggestions": "Good"
},{
  "_id": {
    "$oid": "60ae4bd092e63921f43835e5"
  },
  "studentId": 10,
  "educatorId": 10,
  "date": "22-01-2021",
  "subject": "SSRS",
  "presenting": 1,
  "friendly": 3,
  "efficiency": 4,
  "Time_Utilization": 4,
  "Examples": 4,
  "Doubts": 5,
  "Knowledge": 2,
  "Suggestions": "Bad"
},{
  "_id": {
    "$oid": "60ae4bd092e63921f43835e6"
  },
  "studentId": 31,
  "educatorId": 3,
  "date": "15-02-2021",
  "subject": "Intro to Agile",
  "presenting": 4,
  "friendly": 1,
  "efficiency": 4,
  "Time_Utilization": 1,
  "Examples": 3,
  "Doubts": 3,
  "Knowledge": 5,
  "Suggestions": "Very Good"
},{
  "_id": {
    "$oid": "60ae4bd092e63921f43835e7"
  },
  "studentId": 29,
  "educatorId": 11,
  "date": "23-01-2021",
  "subject": "BI",
  "presenting": 1,
  "friendly": 3,
  "efficiency": 3,
  "Time_Utilization": 5,
  "Examples": 4,
  "Doubts": 1,
  "Knowledge": 3,
  "Suggestions": "Needs Imporvement"
},{
  "_id": {
    "$oid": "60ae4bd092e63921f43835e8"
  },
  "studentId": 30,
  "educatorId": 10,
  "date": "31-03-2021",
  "subject": "Data Warehousing",
  "presenting": 4,
  "friendly": 4,
  "efficiency": 4,
  "Time_Utilization": 3,
  "Examples": 5,
  "Doubts": 1,
  "Knowledge": 2,
  "Suggestions": "Exceptional"
},{
  "_id": {
    "$oid": "60ae4bd092e63921f43835e9"
  },
  "studentId": 31,
  "educatorId": 3,
  "date": "22-01-2021",
  "subject": "MDDM",
  "presenting": 3,
  "friendly": 5,
  "efficiency": 2,
  "Time_Utilization": 5,
  "Examples": 2,
  "Doubts": 1,
  "Knowledge": 2,
  "Suggestions": "Good"
},{
  "_id": {
    "$oid": "60ae4bd092e63921f43835ea"
  },
  "studentId": 16,
  "educatorId": 9,
  "date": "25-03-2021",
  "subject": "Microsoft Excel",
  "presenting": 2,
  "friendly": 1,
  "efficiency": 2,
  "Time_Utilization": 4,
  "Examples": 3,
  "Doubts": 2,
  "Knowledge": 4,
  "Suggestions": "Bad"
},{
  "_id": {
    "$oid": "60ae4bd092e63921f43835eb"
  },
  "studentId": 3,
  "educatorId": 4,
  "date": "20-01-2021",
  "subject": "Probability and Statistics",
  "presenting": 3,
  "friendly": 5,
  "efficiency": 2,
  "Time_Utilization": 4,
  "Examples": 5,
  "Doubts": 3,
  "Knowledge": 2,
  "Suggestions": "Very Good"
},{
  "_id": {
    "$oid": "60ae4bd092e63921f43835ec"
  },
  "studentId": 8,
  "educatorId": 11,
  "date": "05-01-2021",
  "subject": "MongoDB and NoSQL",
  "presenting": 4,
  "friendly": 3,
  "efficiency": 4,
  "Time_Utilization": 1,
  "Examples": 1,
  "Doubts": 2,
  "Knowledge": 1,
  "Suggestions": "Needs Imporvement"
},{
  "_id": {
    "$oid": "60ae4bd092e63921f43835ed"
  },
  "studentId": 18,
  "educatorId": 1,
  "date": "28-02-2021",
  "subject": "SQL Server",
  "presenting": 2,
  "friendly": 2,
  "efficiency": 3,
  "Time_Utilization": 4,
  "Examples": 5,
  "Doubts": 5,
  "Knowledge": 2,
  "Suggestions": "Exceptional"
},{
  "_id": {
    "$oid": "60ae4bd092e63921f43835ee"
  },
  "studentId": 28,
  "educatorId": 8,
  "date": "15-03-2021",
  "subject": "SSIS",
  "presenting": 2,
  "friendly": 2,
  "efficiency": 5,
  "Time_Utilization": 4,
  "Examples": 1,
  "Doubts": 1,
  "Knowledge": 4,
  "Suggestions": "Good"
},{
  "_id": {
    "$oid": "60ae4bd092e63921f43835ef"
  },
  "studentId": 23,
  "educatorId": 1,
  "date": "01-01-2021",
  "subject": "SSAS",
  "presenting": 2,
  "friendly": 4,
  "efficiency": 1,
  "Time_Utilization": 3,
  "Examples": 3,
  "Doubts": 4,
  "Knowledge": 1,
  "Suggestions": "Bad"
},{
  "_id": {
    "$oid": "60ae4bd092e63921f43835f0"
  },
  "studentId": 26,
  "educatorId": 10,
  "date": "13-01-2021",
  "subject": "SSRS",
  "presenting": 4,
  "friendly": 2,
  "efficiency": 2,
  "Time_Utilization": 5,
  "Examples": 3,
  "Doubts": 3,
  "Knowledge": 5,
  "Suggestions": "Very Good"
},{
  "_id": {
    "$oid": "60ae4bd092e63921f43835f1"
  },
  "studentId": 23,
  "educatorId": 8,
  "date": "14-02-2021",
  "subject": "Intro to Agile",
  "presenting": 1,
  "friendly": 5,
  "efficiency": 4,
  "Time_Utilization": 1,
  "Examples": 2,
  "Doubts": 3,
  "Knowledge": 1,
  "Suggestions": "Needs Imporvement"
},{
  "_id": {
    "$oid": "60ae4bd092e63921f43835f2"
  },
  "studentId": 16,
  "educatorId": 11,
  "date": "06-01-2021",
  "subject": "BI",
  "presenting": 4,
  "friendly": 4,
  "efficiency": 3,
  "Time_Utilization": 1,
  "Examples": 4,
  "Doubts": 2,
  "Knowledge": 5,
  "Suggestions": "Exceptional"
},{
  "_id": {
    "$oid": "60ae4bd092e63921f43835f3"
  },
  "studentId": 11,
  "educatorId": 4,
  "date": "08-03-2021",
  "subject": "Data Warehousing",
  "presenting": 2,
  "friendly": 3,
  "efficiency": 1,
  "Time_Utilization": 2,
  "Examples": 4,
  "Doubts": 1,
  "Knowledge": 2,
  "Suggestions": "Good"
},{
  "_id": {
    "$oid": "60ae4bd092e63921f43835f4"
  },
  "studentId": 17,
  "educatorId": 2,
  "date": "30-01-2021",
  "subject": "MDDM",
  "presenting": 2,
  "friendly": 2,
  "efficiency": 2,
  "Time_Utilization": 1,
  "Examples": 4,
  "Doubts": 2,
  "Knowledge": 1,
  "Suggestions": "Bad"
},{
  "_id": {
    "$oid": "60ae4bd092e63921f43835f5"
  },
  "studentId": 31,
  "educatorId": 1,
  "date": "25-01-2021",
  "subject": "Microsoft Excel",
  "presenting": 2,
  "friendly": 1,
  "efficiency": 5,
  "Time_Utilization": 2,
  "Examples": 1,
  "Doubts": 5,
  "Knowledge": 3,
  "Suggestions": "Very Good"
},{
  "_id": {
    "$oid": "60ae4bd092e63921f43835f6"
  },
  "studentId": 26,
  "educatorId": 2,
  "date": "02-01-2021",
  "subject": "Probability and Statistics",
  "presenting": 2,
  "friendly": 4,
  "efficiency": 2,
  "Time_Utilization": 2,
  "Examples": 4,
  "Doubts": 5,
  "Knowledge": 3,
  "Suggestions": "Needs Imporvement"
},{
  "_id": {
    "$oid": "60ae4bd092e63921f43835f7"
  },
  "studentId": 14,
  "educatorId": 1,
  "date": "07-03-2021",
  "subject": "MongoDB and NoSQL",
  "presenting": 1,
  "friendly": 1,
  "efficiency": 5,
  "Time_Utilization": 5,
  "Examples": 4,
  "Doubts": 1,
  "Knowledge": 4,
  "Suggestions": "Exceptional"
},{
  "_id": {
    "$oid": "60ae4bd092e63921f43835f8"
  },
  "studentId": 21,
  "educatorId": 8,
  "date": "29-03-2021",
  "subject": "SQL Server",
  "presenting": 4,
  "friendly": 2,
  "efficiency": 4,
  "Time_Utilization": 5,
  "Examples": 5,
  "Doubts": 2,
  "Knowledge": 1,
  "Suggestions": "Good"
},{
  "_id": {
    "$oid": "60ae4bd092e63921f43835f9"
  },
  "studentId": 2,
  "educatorId": 1,
  "date": "09-03-2021",
  "subject": "SSIS",
  "presenting": 2,
  "friendly": 2,
  "efficiency": 2,
  "Time_Utilization": 1,
  "Examples": 5,
  "Doubts": 1,
  "Knowledge": 4,
  "Suggestions": "Bad"
},{
  "_id": {
    "$oid": "60ae4bd092e63921f43835fa"
  },
  "studentId": 15,
  "educatorId": 6,
  "date": "19-02-2021",
  "subject": "SSAS",
  "presenting": 3,
  "friendly": 5,
  "efficiency": 2,
  "Time_Utilization": 3,
  "Examples": 2,
  "Doubts": 1,
  "Knowledge": 3,
  "Suggestions": "Very Good"
},{
  "_id": {
    "$oid": "60ae4bd092e63921f43835fb"
  },
  "studentId": 9,
  "educatorId": 9,
  "date": "20-03-2021",
  "subject": "SSRS",
  "presenting": 2,
  "friendly": 4,
  "efficiency": 2,
  "Time_Utilization": 5,
  "Examples": 2,
  "Doubts": 1,
  "Knowledge": 4,
  "Suggestions": "Needs Imporvement"
},{
  "_id": {
    "$oid": "60ae4bd092e63921f43835fc"
  },
  "studentId": 7,
  "educatorId": 6,
  "date": "20-01-2021",
  "subject": "Intro to Agile",
  "presenting": 1,
  "friendly": 4,
  "efficiency": 4,
  "Time_Utilization": 3,
  "Examples": 2,
  "Doubts": 2,
  "Knowledge": 3,
  "Suggestions": "Exceptional"
},{
  "_id": {
    "$oid": "60ae4bd092e63921f43835fd"
  },
  "studentId": 8,
  "educatorId": 1,
  "date": "19-03-2021",
  "subject": "BI",
  "presenting": 4,
  "friendly": 4,
  "efficiency": 5,
  "Time_Utilization": 4,
  "Examples": 5,
  "Doubts": 3,
  "Knowledge": 3,
  "Suggestions": "Good"
},{
  "_id": {
    "$oid": "60ae4bd092e63921f43835fe"
  },
  "studentId": 15,
  "educatorId": 7,
  "date": "12-01-2021",
  "subject": "Data Warehousing",
  "presenting": 5,
  "friendly": 2,
  "efficiency": 1,
  "Time_Utilization": 3,
  "Examples": 5,
  "Doubts": 3,
  "Knowledge": 1,
  "Suggestions": "Bad"
},{
  "_id": {
    "$oid": "60ae4bd092e63921f43835ff"
  },
  "studentId": 16,
  "educatorId": 8,
  "date": "07-02-2021",
  "subject": "MDDM",
  "presenting": 1,
  "friendly": 3,
  "efficiency": 3,
  "Time_Utilization": 5,
  "Examples": 5,
  "Doubts": 1,
  "Knowledge": 5,
  "Suggestions": "Very Good"
},{
  "_id": {
    "$oid": "60ae4bd092e63921f4383600"
  },
  "studentId": 9,
  "educatorId": 8,
  "date": "28-03-2021",
  "subject": "Microsoft Excel",
  "presenting": 2,
  "friendly": 1,
  "efficiency": 3,
  "Time_Utilization": 2,
  "Examples": 1,
  "Doubts": 4,
  "Knowledge": 2,
  "Suggestions": "Needs Imporvement"
},{
  "_id": {
    "$oid": "60ae4bd092e63921f4383601"
  },
  "studentId": 29,
  "educatorId": 10,
  "date": "25-02-2021",
  "subject": "Probability and Statistics",
  "presenting": 5,
  "friendly": 3,
  "efficiency": 1,
  "Time_Utilization": 3,
  "Examples": 2,
  "Doubts": 1,
  "Knowledge": 1,
  "Suggestions": "Exceptional"
},{
  "_id": {
    "$oid": "60ae4bd092e63921f4383602"
  },
  "studentId": 6,
  "educatorId": 8,
  "date": "04-02-2021",
  "subject": "MongoDB and NoSQL",
  "presenting": 4,
  "friendly": 4,
  "efficiency": 5,
  "Time_Utilization": 4,
  "Examples": 4,
  "Doubts": 1,
  "Knowledge": 2,
  "Suggestions": "Good"
},{
  "_id": {
    "$oid": "60ae4bd092e63921f4383603"
  },
  "studentId": 10,
  "educatorId": 11,
  "date": "21-03-2021",
  "subject": "SQL Server",
  "presenting": 1,
  "friendly": 1,
  "efficiency": 3,
  "Time_Utilization": 3,
  "Examples": 5,
  "Doubts": 2,
  "Knowledge": 4,
  "Suggestions": "Bad"
},{
  "_id": {
    "$oid": "60ae4bd092e63921f4383604"
  },
  "studentId": 10,
  "educatorId": 4,
  "date": "02-01-2021",
  "subject": "SSIS",
  "presenting": 2,
  "friendly": 2,
  "efficiency": 1,
  "Time_Utilization": 2,
  "Examples": 3,
  "Doubts": 2,
  "Knowledge": 1,
  "Suggestions": "Very Good"
},{
  "_id": {
    "$oid": "60ae4bd092e63921f4383605"
  },
  "studentId": 31,
  "educatorId": 12,
  "date": "19-01-2021",
  "subject": "SSAS",
  "presenting": 1,
  "friendly": 1,
  "efficiency": 1,
  "Time_Utilization": 1,
  "Examples": 3,
  "Doubts": 2,
  "Knowledge": 3,
  "Suggestions": "Needs Imporvement"
},{
  "_id": {
    "$oid": "60ae4bd092e63921f4383606"
  },
  "studentId": 5,
  "educatorId": 3,
  "date": "17-03-2021",
  "subject": "SSRS",
  "presenting": 3,
  "friendly": 5,
  "efficiency": 4,
  "Time_Utilization": 2,
  "Examples": 1,
  "Doubts": 3,
  "Knowledge": 2,
  "Suggestions": "Exceptional"
},{
  "_id": {
    "$oid": "60ae4bd092e63921f4383607"
  },
  "studentId": 13,
  "educatorId": 2,
  "date": "21-02-2021",
  "subject": "Intro to Agile",
  "presenting": 4,
  "friendly": 3,
  "efficiency": 2,
  "Time_Utilization": 1,
  "Examples": 4,
  "Doubts": 2,
  "Knowledge": 5,
  "Suggestions": "Good"
},{
  "_id": {
    "$oid": "60ae4bd092e63921f4383608"
  },
  "studentId": 24,
  "educatorId": 9,
  "date": "11-01-2021",
  "subject": "BI",
  "presenting": 3,
  "friendly": 3,
  "efficiency": 1,
  "Time_Utilization": 3,
  "Examples": 2,
  "Doubts": 3,
  "Knowledge": 2,
  "Suggestions": "Bad"
},{
  "_id": {
    "$oid": "60ae4bd092e63921f4383609"
  },
  "studentId": 22,
  "educatorId": 8,
  "date": "10-02-2021",
  "subject": "Data Warehousing",
  "presenting": 4,
  "friendly": 2,
  "efficiency": 4,
  "Time_Utilization": 5,
  "Examples": 2,
  "Doubts": 3,
  "Knowledge": 4,
  "Suggestions": "Very Good"
},{
  "_id": {
    "$oid": "60ae4bd092e63921f438360a"
  },
  "studentId": 14,
  "educatorId": 9,
  "date": "25-01-2021",
  "subject": "MDDM",
  "presenting": 4,
  "friendly": 2,
  "efficiency": 2,
  "Time_Utilization": 3,
  "Examples": 4,
  "Doubts": 1,
  "Knowledge": 2,
  "Suggestions": "Needs Imporvement"
},{
  "_id": {
    "$oid": "60ae4bd092e63921f438360b"
  },
  "studentId": 2,
  "educatorId": 2,
  "date": "24-03-2021",
  "subject": "Microsoft Excel",
  "presenting": 4,
  "friendly": 3,
  "efficiency": 2,
  "Time_Utilization": 4,
  "Examples": 4,
  "Doubts": 1,
  "Knowledge": 3,
  "Suggestions": "Exceptional"
},{
  "_id": {
    "$oid": "60ae4bd092e63921f438360c"
  },
  "studentId": 26,
  "educatorId": 6,
  "date": "01-01-2021",
  "subject": "Probability and Statistics",
  "presenting": 2,
  "friendly": 3,
  "efficiency": 3,
  "Time_Utilization": 2,
  "Examples": 3,
  "Doubts": 5,
  "Knowledge": 3,
  "Suggestions": "Good"
},{
  "_id": {
    "$oid": "60ae4bd092e63921f438360d"
  },
  "studentId": 1,
  "educatorId": 8,
  "date": "02-03-2021",
  "subject": "MongoDB and NoSQL",
  "presenting": 5,
  "friendly": 1,
  "efficiency": 5,
  "Time_Utilization": 5,
  "Examples": 3,
  "Doubts": 2,
  "Knowledge": 4,
  "Suggestions": "Bad"
},{
  "_id": {
    "$oid": "60ae4bd092e63921f438360e"
  },
  "studentId": 8,
  "educatorId": 12,
  "date": "14-02-2021",
  "subject": "SQL Server",
  "presenting": 2,
  "friendly": 2,
  "efficiency": 5,
  "Time_Utilization": 3,
  "Examples": 3,
  "Doubts": 1,
  "Knowledge": 2,
  "Suggestions": "Very Good"
},{
  "_id": {
    "$oid": "60ae4bd092e63921f438360f"
  },
  "studentId": 11,
  "educatorId": 5,
  "date": "01-02-2021",
  "subject": "SSIS",
  "presenting": 1,
  "friendly": 1,
  "efficiency": 5,
  "Time_Utilization": 2,
  "Examples": 3,
  "Doubts": 3,
  "Knowledge": 1,
  "Suggestions": "Needs Imporvement"
},{
  "_id": {
    "$oid": "60ae4bd092e63921f4383610"
  },
  "studentId": 11,
  "educatorId": 8,
  "date": "12-01-2021",
  "subject": "SSAS",
  "presenting": 3,
  "friendly": 5,
  "efficiency": 3,
  "Time_Utilization": 3,
  "Examples": 2,
  "Doubts": 4,
  "Knowledge": 3,
  "Suggestions": "Exceptional"
},{
  "_id": {
    "$oid": "60ae4bd092e63921f4383611"
  },
  "studentId": 12,
  "educatorId": 9,
  "date": "01-03-2021",
  "subject": "SSRS",
  "presenting": 3,
  "friendly": 4,
  "efficiency": 3,
  "Time_Utilization": 4,
  "Examples": 1,
  "Doubts": 2,
  "Knowledge": 1,
  "Suggestions": "Good"
},{
  "_id": {
    "$oid": "60ae4bd092e63921f4383612"
  },
  "studentId": 2,
  "educatorId": 8,
  "date": "25-01-2021",
  "subject": "Intro to Agile",
  "presenting": 3,
  "friendly": 2,
  "efficiency": 4,
  "Time_Utilization": 1,
  "Examples": 1,
  "Doubts": 3,
  "Knowledge": 5,
  "Suggestions": "Bad"
},{
  "_id": {
    "$oid": "60ae4bd092e63921f4383613"
  },
  "studentId": 28,
  "educatorId": 11,
  "date": "19-01-2021",
  "subject": "BI",
  "presenting": 2,
  "friendly": 1,
  "efficiency": 1,
  "Time_Utilization": 2,
  "Examples": 4,
  "Doubts": 4,
  "Knowledge": 4,
  "Suggestions": "Very Good"
},{
  "_id": {
    "$oid": "60ae4bd092e63921f4383614"
  },
  "studentId": 12,
  "educatorId": 1,
  "date": "13-03-2021",
  "subject": "Data Warehousing",
  "presenting": 2,
  "friendly": 5,
  "efficiency": 3,
  "Time_Utilization": 5,
  "Examples": 1,
  "Doubts": 2,
  "Knowledge": 4,
  "Suggestions": "Needs Imporvement"
},{
  "_id": {
    "$oid": "60ae4bd092e63921f4383615"
  },
  "studentId": 5,
  "educatorId": 1,
  "date": "19-02-2021",
  "subject": "Data Warehousing",
  "presenting": 3,
  "friendly": 2,
  "efficiency": 4,
  "Time_Utilization": 1,
  "Examples": 3,
  "Doubts": 4,
  "Knowledge": 2,
  "Suggestions": "Needs Imporvement"
},{
  "_id": {
    "$oid": "60af1ef7c9cedf2ca4a8bbc9"
  },
  "studentId": 1,
  "date": "2021-05-27",
  "educatorId": 101,
  "subject": "Intro To BI",
  "presenting": 4,
  "friendly": 5,
  "efficiency": 4,
  "Time_Utilization": 4,
  "Examples": 5,
  "Knowledge": 5,
  "Doubts": 5,
  "Suggestions": "\r\nVery Good"
},{
  "_id": {
    "$oid": "60af1f17c9cedf2ca4a8bbca"
  },
  "studentId": 2,
  "date": "2021-05-27",
  "educatorId": 101,
  "subject": "Intro To BI",
  "presenting": 5,
  "friendly": 5,
  "efficiency": 5,
  "Time_Utilization": 5,
  "Examples": 5,
  "Knowledge": 5,
  "Doubts": 5,
  "Suggestions": "Very good"
},{
  "_id": {
    "$oid": "60af1f37c9cedf2ca4a8bbcb"
  },
  "studentId": 3,
  "date": "2021-05-27",
  "educatorId": 101,
  "subject": "Intro To BI",
  "presenting": 5,
  "friendly": 4,
  "efficiency": 5,
  "Time_Utilization": 4,
  "Examples": 5,
  "Knowledge": 4,
  "Doubts": 5,
  "Suggestions": "Very good"
},{
  "_id": {
    "$oid": "60af1f93c9cedf2ca4a8bbcc"
  },
  "studentId": 1,
  "date": "2021-05-27",
  "educatorId": 101,
  "subject": "Data Ware House",
  "presenting": 4,
  "friendly": 5,
  "efficiency": 4,
  "Time_Utilization": 5,
  "Examples": 5,
  "Knowledge": 5,
  "Doubts": 4,
  "Suggestions": "Very nice"
},{
  "_id": {
    "$oid": "60af1fbac9cedf2ca4a8bbce"
  },
  "studentId": 2,
  "date": "2021-05-27",
  "educatorId": 101,
  "subject": "Data Ware House",
  "presenting": 5,
  "friendly": 4,
  "efficiency": 5,
  "Time_Utilization": 5,
  "Examples": 4,
  "Knowledge": 5,
  "Doubts": 5,
  "Suggestions": "Good"
},{
  "_id": {
    "$oid": "60af354bc9cedf2ca4a8bbd0"
  },
  "studentId": 3,
  "date": "2021-05-27",
  "educatorId": 101,
  "subject": "Data Ware House",
  "presenting": 4,
  "friendly": 4,
  "efficiency": 5,
  "Time_Utilization": 4,
  "Examples": 4,
  "Knowledge": 5,
  "Suggestions": "gergeg"
},{
  "_id": {
    "$oid": "60af35e1c9cedf2ca4a8bbd1"
  },
  "studentId": 4,
  "date": "2021-05-27",
  "educatorId": 101,
  "subject": "Data Ware House",
  "presenting": 4,
  "friendly": 5,
  "efficiency": 5,
  "Time_Utilization": 5,
  "Examples": 5,
  "Knowledge": 5,
  "Doubts": 4,
  "Suggestions": "hkuerghuy"
},{
  "_id": {
    "$oid": "60af36c9c9cedf2ca4a8bbd2"
  },
  "studentId": 1,
  "date": "2021-05-27",
  "educatorId": 1,
  "subject": "Data Ware House",
  "presenting": 4,
  "friendly": 5,
  "efficiency": 3,
  "Time_Utilization": 5,
  "Examples": 3,
  "Knowledge": 4,
  "Suggestions": "fsdfw"
},{
  "_id": {
    "$oid": "60af373dc9cedf2ca4a8bbd3"
  },
  "studentId": 2,
  "date": "2021-05-27",
  "educatorId": 1,
  "subject": "Data Ware House",
  "presenting": 3,
  "friendly": 5,
  "efficiency": 3,
  "Time_Utilization": 5,
  "Examples": 3,
  "Knowledge": 3,
  "Doubts": 3,
  "Suggestions": "fewwefw"
},{
  "_id": {
    "$oid": "60af3a3fc9cedf2ca4a8bbd5"
  },
  "studentId": 3,
  "date": "2021-05-27",
  "educatorId": 1,
  "subject": "Data Ware House",
  "presenting": 4,
  "friendly": 4,
  "efficiency": 5,
  "Time_Utilization": 4,
  "Examples": 4,
  "Knowledge": 4,
  "Suggestions": "hiii"
},{
  "_id": {
    "$oid": "60af3ac2c9cedf2ca4a8bbd6"
  },
  "studentId": 4,
  "date": "2021-05-27",
  "educatorId": 1,
  "subject": "Data Ware House",
  "presenting": 3,
  "friendly": 4,
  "efficiency": 3,
  "Time_Utilization": 4,
  "Examples": 3,
  "Knowledge": 4,
  "Suggestions": "rgergerge"
},{
  "_id": {
    "$oid": "60af43dbf4b3733930e995d7"
  },
  "studentId": 1,
  "date": "2021-05-27",
  "educatorId": 1,
  "subject": "Intro To BI",
  "presenting": 4,
  "friendly": 3,
  "efficiency": 5,
  "Time_Utilization": 3,
  "Examples": 5,
  "Knowledge": 3,
  "Doubts": 5,
  "Suggestions": "good"
},{
  "_id": {
    "$oid": "60af446af4b3733930e995d9"
  },
  "studentId": 2,
  "date": "2021-05-27",
  "educatorId": 1,
  "subject": "Intro To BI",
  "presenting": 4,
  "friendly": 5,
  "efficiency": 3,
  "Time_Utilization": 4,
  "Examples": 4,
  "Knowledge": 3,
  "Doubts": 5,
  "Suggestions": "grge"
},{
  "_id": {
    "$oid": "60af4507f4b3733930e995da"
  },
  "studentId": 3,
  "date": "2021-05-27",
  "educatorId": 1,
  "subject": "Intro To BI",
  "presenting": 3,
  "friendly": 5,
  "efficiency": 3,
  "Time_Utilization": 4,
  "Examples": 3,
  "Knowledge": 5,
  "Doubts": 4,
  "Suggestions": "good"
},{
  "_id": {
    "$oid": "60af616e7c94333bdc2e087e"
  },
  "studentId": 1,
  "date": "2021-05-27",
  "educatorId": 101,
  "subject": "MS SQL",
  "presenting": 3,
  "friendly": 3,
  "efficiency": 5,
  "Time_Utilization": 3,
  "Examples": 4,
  "Knowledge": 3,
  "Doubts": 4,
  "Suggestions": ""
},{
  "_id": {
    "$oid": "60af66877c94333bdc2e0881"
  },
  "studentId": 3,
  "date": "2021-05-27",
  "educatorId": 101,
  "subject": "MS SQL",
  "presenting": 2,
  "friendly": 4,
  "efficiency": 5,
  "Time_Utilization": 3,
  "Examples": 4,
  "Knowledge": 5,
  "Doubts": 5,
  "Suggestions": "hello"
}]