[{
  "_id": {
    "$oid": "60af429df4b3733930e99592"
  },
  "Student_Id": 1,
  "Educator_Id": 6,
  "Enable": 1,
  "Role": "E",
  "Course": "Intro To BI"
},{
  "_id": {
    "$oid": "60af429df4b3733930e99593"
  },
  "Student_Id": 1,
  "Educator_Id": 101,
  "Enable": 1,
  "Role": "T",
  "Course": "Data Ware House"
},{
  "_id": {
    "$oid": "60af429df4b3733930e99594"
  },
  "Student_Id": 2,
  "Educator_Id": 6,
  "Enable": 1,
  "Role": "E",
  "Course": "Intro To BI"
},{
  "_id": {
    "$oid": "60af429df4b3733930e99595"
  },
  "Student_Id": 2,
  "Educator_Id": 101,
  "Enable": 1,
  "Role": "T",
  "Course": "Data Ware House"
},{
  "_id": {
    "$oid": "60af429df4b3733930e99596"
  },
  "Student_Id": 3,
  "Educator_Id": 6,
  "Enable": 1,
  "Role": "E",
  "Course": "Intro To BI"
},{
  "_id": {
    "$oid": "60af429df4b3733930e99597"
  },
  "Student_Id": 3,
  "Educator_Id": 101,
  "Enable": 1,
  "Role": "T",
  "Course": "Data Ware House"
},{
  "_id": {
    "$oid": "60af429df4b3733930e99598"
  },
  "Student_Id": 4,
  "Educator_Id": 6,
  "Enable": 1,
  "Role": "E",
  "Course": "Intro To BI"
},{
  "_id": {
    "$oid": "60af429df4b3733930e99599"
  },
  "Student_Id": 4,
  "Educator_Id": 101,
  "Enable": 1,
  "Role": "T",
  "Course": "Data Ware House"
},{
  "_id": {
    "$oid": "60af429df4b3733930e9959a"
  },
  "Student_Id": 5,
  "Educator_Id": 6,
  "Enable": 1,
  "Role": "E",
  "Course": "Intro To BI"
},{
  "_id": {
    "$oid": "60af429df4b3733930e9959b"
  },
  "Student_Id": 5,
  "Educator_Id": 101,
  "Enable": 1,
  "Role": "T",
  "Course": "Data Ware House"
},{
  "_id": {
    "$oid": "60af429df4b3733930e9959c"
  },
  "Student_Id": 6,
  "Educator_Id": 6,
  "Enable": 1,
  "Role": "E",
  "Course": "Intro To BI"
},{
  "_id": {
    "$oid": "60af429df4b3733930e9959d"
  },
  "Student_Id": 6,
  "Educator_Id": 101,
  "Enable": 1,
  "Role": "T",
  "Course": "Data Ware House"
},{
  "_id": {
    "$oid": "60af429df4b3733930e9959e"
  },
  "Student_Id": 7,
  "Educator_Id": 6,
  "Enable": 1,
  "Role": "E",
  "Course": "Intro To BI"
},{
  "_id": {
    "$oid": "60af429df4b3733930e9959f"
  },
  "Student_Id": 7,
  "Educator_Id": 101,
  "Enable": 1,
  "Role": "T",
  "Course": "Data Ware House"
},{
  "_id": {
    "$oid": "60af429df4b3733930e995a0"
  },
  "Student_Id": 8,
  "Educator_Id": 6,
  "Enable": 1,
  "Role": "E",
  "Course": "Intro To BI"
},{
  "_id": {
    "$oid": "60af429df4b3733930e995a1"
  },
  "Student_Id": 8,
  "Educator_Id": 101,
  "Enable": 1,
  "Role": "T",
  "Course": "Data Ware House"
},{
  "_id": {
    "$oid": "60af429df4b3733930e995a2"
  },
  "Student_Id": 9,
  "Educator_Id": 6,
  "Enable": 1,
  "Role": "E",
  "Course": "Intro To BI"
},{
  "_id": {
    "$oid": "60af429df4b3733930e995a3"
  },
  "Student_Id": 9,
  "Educator_Id": 101,
  "Enable": 1,
  "Role": "T",
  "Course": "Data Ware House"
},{
  "_id": {
    "$oid": "60af429df4b3733930e995a4"
  },
  "Student_Id": 10,
  "Educator_Id": 10,
  "Enable": 1,
  "Role": "E",
  "Course": "Intro To BI"
},{
  "_id": {
    "$oid": "60af429df4b3733930e995a5"
  },
  "Student_Id": 10,
  "Educator_Id": 0,
  "Enable": 0,
  "Role": "T",
  "Course": "Ml"
},{
  "_id": {
    "$oid": "60af429df4b3733930e995a6"
  },
  "Student_Id": 11,
  "Educator_Id": 10,
  "Enable": 1,
  "Role": "E",
  "Course": "Intro To BI"
},{
  "_id": {
    "$oid": "60af429df4b3733930e995a7"
  },
  "Student_Id": 11,
  "Educator_Id": 0,
  "Enable": 0,
  "Role": "T",
  "Course": "Ml"
},{
  "_id": {
    "$oid": "60af429df4b3733930e995a8"
  },
  "Student_Id": 12,
  "Educator_Id": 10,
  "Enable": 1,
  "Role": "E",
  "Course": "Intro To BI"
},{
  "_id": {
    "$oid": "60af429df4b3733930e995a9"
  },
  "Student_Id": 12,
  "Educator_Id": 0,
  "Enable": 0,
  "Role": "T",
  "Course": "Ml"
},{
  "_id": {
    "$oid": "60af429df4b3733930e995aa"
  },
  "Student_Id": 13,
  "Educator_Id": 10,
  "Enable": 1,
  "Role": "E",
  "Course": "Intro To BI"
},{
  "_id": {
    "$oid": "60af429df4b3733930e995ab"
  },
  "Student_Id": 13,
  "Educator_Id": 0,
  "Enable": 0,
  "Role": "T",
  "Course": "Ml"
},{
  "_id": {
    "$oid": "60af429df4b3733930e995ac"
  },
  "Student_Id": 14,
  "Educator_Id": 10,
  "Enable": 1,
  "Role": "E",
  "Course": "Intro To BI"
},{
  "_id": {
    "$oid": "60af429df4b3733930e995ad"
  },
  "Student_Id": 14,
  "Educator_Id": 0,
  "Enable": 0,
  "Role": "T",
  "Course": "Ml"
},{
  "_id": {
    "$oid": "60af429df4b3733930e995ae"
  },
  "Student_Id": 15,
  "Educator_Id": 10,
  "Enable": 1,
  "Role": "E",
  "Course": "Intro To BI"
},{
  "_id": {
    "$oid": "60af429df4b3733930e995af"
  },
  "Student_Id": 15,
  "Educator_Id": 0,
  "Enable": 0,
  "Role": "T",
  "Course": "Ml"
},{
  "_id": {
    "$oid": "60af429df4b3733930e995b0"
  },
  "Student_Id": 16,
  "Educator_Id": 10,
  "Enable": 1,
  "Role": "E",
  "Course": "Intro To BI"
},{
  "_id": {
    "$oid": "60af429df4b3733930e995b1"
  },
  "Student_Id": 16,
  "Educator_Id": 0,
  "Enable": 0,
  "Role": "T",
  "Course": "Ml"
},{
  "_id": {
    "$oid": "60af429df4b3733930e995b2"
  },
  "Student_Id": 17,
  "Educator_Id": 10,
  "Enable": 1,
  "Role": "E",
  "Course": "Intro To BI"
},{
  "_id": {
    "$oid": "60af429df4b3733930e995b3"
  },
  "Student_Id": 17,
  "Educator_Id": 0,
  "Enable": 0,
  "Role": "T",
  "Course": "Ml"
},{
  "_id": {
    "$oid": "60af429df4b3733930e995b4"
  },
  "Student_Id": 18,
  "Educator_Id": 10,
  "Enable": 1,
  "Role": "E",
  "Course": "Intro To BI"
},{
  "_id": {
    "$oid": "60af429df4b3733930e995b5"
  },
  "Student_Id": 18,
  "Educator_Id": 0,
  "Enable": 0,
  "Role": "T",
  "Course": "Ml"
},{
  "_id": {
    "$oid": "60af429df4b3733930e995b6"
  },
  "Student_Id": 19,
  "Educator_Id": 10,
  "Enable": 1,
  "Role": "E",
  "Course": "Intro To BI"
},{
  "_id": {
    "$oid": "60af429df4b3733930e995b7"
  },
  "Student_Id": 19,
  "Educator_Id": 0,
  "Enable": 0,
  "Role": "T",
  "Course": "Ml"
},{
  "_id": {
    "$oid": "60af429df4b3733930e995b8"
  },
  "Student_Id": 20,
  "Educator_Id": 10,
  "Enable": 1,
  "Role": "E",
  "Course": "Intro To BI"
},{
  "_id": {
    "$oid": "60af429df4b3733930e995b9"
  },
  "Student_Id": 20,
  "Educator_Id": 0,
  "Enable": 0,
  "Role": "T",
  "Course": "Ml"
},{
  "_id": {
    "$oid": "60af429df4b3733930e995ba"
  },
  "Student_Id": 21,
  "Educator_Id": 0,
  "Enable": 0,
  "Role": "E",
  "Course": "AI"
},{
  "_id": {
    "$oid": "60af429df4b3733930e995bb"
  },
  "Student_Id": 21,
  "Educator_Id": 0,
  "Enable": 0,
  "Role": "T",
  "Course": "Ml"
},{
  "_id": {
    "$oid": "60af429df4b3733930e995bc"
  },
  "Student_Id": 22,
  "Educator_Id": 0,
  "Enable": 0,
  "Role": "E",
  "Course": "AI"
},{
  "_id": {
    "$oid": "60af429df4b3733930e995bd"
  },
  "Student_Id": 22,
  "Educator_Id": 0,
  "Enable": 0,
  "Role": "T",
  "Course": "Ml"
},{
  "_id": {
    "$oid": "60af429df4b3733930e995be"
  },
  "Student_Id": 23,
  "Educator_Id": 0,
  "Enable": 0,
  "Role": "E",
  "Course": "AI"
},{
  "_id": {
    "$oid": "60af429df4b3733930e995bf"
  },
  "Student_Id": 23,
  "Educator_Id": 0,
  "Enable": 0,
  "Role": "T",
  "Course": "Ml"
},{
  "_id": {
    "$oid": "60af429df4b3733930e995c0"
  },
  "Student_Id": 24,
  "Educator_Id": 0,
  "Enable": 0,
  "Role": "E",
  "Course": "AI"
},{
  "_id": {
    "$oid": "60af429df4b3733930e995c1"
  },
  "Student_Id": 24,
  "Educator_Id": 0,
  "Enable": 0,
  "Role": "T",
  "Course": "Ml"
},{
  "_id": {
    "$oid": "60af429df4b3733930e995c2"
  },
  "Student_Id": 25,
  "Educator_Id": 0,
  "Enable": 0,
  "Role": "E",
  "Course": "AI"
},{
  "_id": {
    "$oid": "60af429df4b3733930e995c3"
  },
  "Student_Id": 25,
  "Educator_Id": 0,
  "Enable": 0,
  "Role": "T",
  "Course": "Ml"
},{
  "_id": {
    "$oid": "60af429df4b3733930e995c4"
  },
  "Student_Id": 26,
  "Educator_Id": 0,
  "Enable": 0,
  "Role": "E",
  "Course": "AI"
},{
  "_id": {
    "$oid": "60af429df4b3733930e995c5"
  },
  "Student_Id": 26,
  "Educator_Id": 0,
  "Enable": 0,
  "Role": "T",
  "Course": "Ml"
},{
  "_id": {
    "$oid": "60af429df4b3733930e995c6"
  },
  "Student_Id": 27,
  "Educator_Id": 0,
  "Enable": 0,
  "Role": "E",
  "Course": "AI"
},{
  "_id": {
    "$oid": "60af429df4b3733930e995c7"
  },
  "Student_Id": 27,
  "Educator_Id": 0,
  "Enable": 0,
  "Role": "T",
  "Course": "Ml"
},{
  "_id": {
    "$oid": "60af429df4b3733930e995c8"
  },
  "Student_Id": 28,
  "Educator_Id": 0,
  "Enable": 0,
  "Role": "E",
  "Course": "AI"
},{
  "_id": {
    "$oid": "60af429df4b3733930e995c9"
  },
  "Student_Id": 28,
  "Educator_Id": 0,
  "Enable": 0,
  "Role": "T",
  "Course": "Ml"
},{
  "_id": {
    "$oid": "60af429df4b3733930e995ca"
  },
  "Student_Id": 29,
  "Educator_Id": 0,
  "Enable": 0,
  "Role": "E",
  "Course": "AI"
},{
  "_id": {
    "$oid": "60af429df4b3733930e995cb"
  },
  "Student_Id": 29,
  "Educator_Id": 0,
  "Enable": 0,
  "Role": "T",
  "Course": "Ml"
},{
  "_id": {
    "$oid": "60af429df4b3733930e995cc"
  },
  "Student_Id": 30,
  "Educator_Id": 0,
  "Enable": 0,
  "Role": "E",
  "Course": "AI"
},{
  "_id": {
    "$oid": "60af429df4b3733930e995cd"
  },
  "Student_Id": 30,
  "Educator_Id": 0,
  "Enable": 0,
  "Role": "T",
  "Course": "Ml"
},{
  "_id": {
    "$oid": "60af429df4b3733930e995ce"
  },
  "Student_Id": 31,
  "Educator_Id": 0,
  "Enable": 0,
  "Role": "E",
  "Course": "AI"
},{
  "_id": {
    "$oid": "60af429df4b3733930e995cf"
  },
  "Student_Id": 31,
  "Educator_Id": 0,
  "Enable": 0,
  "Role": "T",
  "Course": "Ml"
},{
  "_id": {
    "$oid": "60af429df4b3733930e995d0"
  },
  "Student_Id": 32,
  "Educator_Id": 6,
  "Enable": 1,
  "Role": "E",
  "Course": "Intro To BI"
},{
  "_id": {
    "$oid": "60af429df4b3733930e995d1"
  },
  "Student_Id": 32,
  "Educator_Id": 101,
  "Enable": 1,
  "Role": "T",
  "Course": "Data Ware House"
},{
  "_id": {
    "$oid": "60af429df4b3733930e995d2"
  },
  "Student_Id": 33,
  "Educator_Id": 0,
  "Enable": 0,
  "Role": "E",
  "Course": "AI"
},{
  "_id": {
    "$oid": "60af429df4b3733930e995d3"
  },
  "Student_Id": 33,
  "Educator_Id": 0,
  "Enable": 0,
  "Role": "T",
  "Course": "Ml"
},{
  "_id": {
    "$oid": "60af42dbf4b3733930e995d5"
  },
  "Student_Id": 34,
  "Educator_Id": 10,
  "Enable": 1,
  "Role": "E",
  "Course": "Intro To BI"
},{
  "_id": {
    "$oid": "60af42dbf4b3733930e995d6"
  },
  "Student_Id": 34,
  "Educator_Id": 0,
  "Enable": 0,
  "Role": "T",
  "Course": "Course"
},{
  "_id": {
    "$oid": "60afa1847b08e612c415a199"
  },
  "Student_Id": 35,
  "Educator_Id": 0,
  "Enable": 0,
  "Role": "E",
  "Course": "Course"
},{
  "_id": {
    "$oid": "60afa1847b08e612c415a19a"
  },
  "Student_Id": 35,
  "Educator_Id": 0,
  "Enable": 0,
  "Role": "T",
  "Course": "Course"
},{
  "_id": {
    "$oid": "60afa2b17b08e612c415a19c"
  },
  "Student_Id": 36,
  "Educator_Id": 0,
  "Enable": 0,
  "Role": "E",
  "Course": "Course"
},{
  "_id": {
    "$oid": "60afa2b17b08e612c415a19d"
  },
  "Student_Id": 36,
  "Educator_Id": 0,
  "Enable": 0,
  "Role": "T",
  "Course": "Course"
},{
  "_id": {
    "$oid": "60afa5947b08e612c415a1a0"
  },
  "Student_Id": 37,
  "Educator_Id": 10,
  "Enable": 1,
  "Role": "E",
  "Course": "Intro To BI"
},{
  "_id": {
    "$oid": "60afa5947b08e612c415a1a1"
  },
  "Student_Id": 37,
  "Educator_Id": 0,
  "Enable": 0,
  "Role": "T",
  "Course": "Course"
},{
  "_id": {
    "$oid": "60afa8af7eefbe184c2d81f0"
  },
  "Student_Id": 38,
  "Educator_Id": 10,
  "Enable": 1,
  "Role": "E",
  "Course": "Intro To BI"
},{
  "_id": {
    "$oid": "60afa8af7eefbe184c2d81f1"
  },
  "Student_Id": 38,
  "Educator_Id": 0,
  "Enable": 0,
  "Role": "T",
  "Course": "Course"
},{
  "_id": {
    "$oid": "60afaae17eefbe184c2d81f3"
  },
  "Student_Id": 39,
  "Educator_Id": 6,
  "Enable": 1,
  "Role": "E",
  "Course": "Intro To BI"
},{
  "_id": {
    "$oid": "60afaae17eefbe184c2d81f4"
  },
  "Student_Id": 39,
  "Educator_Id": 101,
  "Enable": 1,
  "Role": "T",
  "Course": "Data Ware House"
},{
  "_id": {
    "$oid": "60afabcf87ff35381463b153"
  },
  "Student_Id": 40,
  "Educator_Id": 10,
  "Enable": 1,
  "Role": "E",
  "Course": "Intro To BI"
},{
  "_id": {
    "$oid": "60afabcf87ff35381463b154"
  },
  "Student_Id": 40,
  "Educator_Id": 0,
  "Enable": 0,
  "Role": "T",
  "Course": "Course"
}]