[{
  "_id": {
    "$oid": "60ae4d8692e63921f4383616"
  },
  "studentId": 19,
  "techAssociateId": 4,
  "date": "02-02-2021",
  "subject": "BI",
  "helping": 2,
  "handling": 4,
  "guiding": 4,
  "DoubtsClarrifying": 3,
  "Availability": 3,
  "Choosing": 3,
  "Suggestions": "Good"
},{
  "_id": {
    "$oid": "60ae4d8692e63921f4383617"
  },
  "studentId": 11,
  "techAssociateId": 6,
  "date": "09-03-2021",
  "subject": "Data Warehousing",
  "helping": 1,
  "handling": 1,
  "guiding": 3,
  "DoubtsClarrifying": 1,
  "Availability": 4,
  "Choosing": 1,
  "Suggestions": "Bad"
},{
  "_id": {
    "$oid": "60ae4d8692e63921f4383618"
  },
  "studentId": 13,
  "techAssociateId": 2,
  "date": "17-02-2021",
  "subject": "MDDM",
  "helping": 3,
  "handling": 3,
  "guiding": 1,
  "DoubtsClarrifying": 5,
  "Availability": 2,
  "Choosing": 1,
  "Suggestions": "Very Good"
},{
  "_id": {
    "$oid": "60ae4d8692e63921f4383619"
  },
  "studentId": 25,
  "techAssociateId": 11,
  "date": "28-03-2021",
  "subject": "Microsoft Excel",
  "helping": 5,
  "handling": 4,
  "guiding": 3,
  "DoubtsClarrifying": 3,
  "Availability": 1,
  "Choosing": 3,
  "Suggestions": "Needs Imporvement"
},{
  "_id": {
    "$oid": "60ae4d8692e63921f438361a"
  },
  "studentId": 2,
  "techAssociateId": 11,
  "date": "14-02-2021",
  "subject": "Probability and Statistics",
  "helping": 1,
  "handling": 5,
  "guiding": 3,
  "DoubtsClarrifying": 5,
  "Availability": 1,
  "Choosing": 1,
  "Suggestions": "Exceptional"
},{
  "_id": {
    "$oid": "60ae4d8692e63921f438361b"
  },
  "studentId": 1,
  "techAssociateId": 7,
  "date": "21-01-2021",
  "subject": "MongoDB and NoSQL",
  "helping": 1,
  "handling": 5,
  "guiding": 3,
  "DoubtsClarrifying": 4,
  "Availability": 2,
  "Choosing": 2,
  "Suggestions": "Good"
},{
  "_id": {
    "$oid": "60ae4d8692e63921f438361c"
  },
  "studentId": 8,
  "techAssociateId": 7,
  "date": "03-03-2021",
  "subject": "SQL Server",
  "helping": 3,
  "handling": 2,
  "guiding": 4,
  "DoubtsClarrifying": 4,
  "Availability": 1,
  "Choosing": 5,
  "Suggestions": "Bad"
},{
  "_id": {
    "$oid": "60ae4d8692e63921f438361d"
  },
  "studentId": 30,
  "techAssociateId": 7,
  "date": "06-01-2021",
  "subject": "SSIS",
  "helping": 3,
  "handling": 2,
  "guiding": 3,
  "DoubtsClarrifying": 4,
  "Availability": 5,
  "Choosing": 5,
  "Suggestions": "Very Good"
},{
  "_id": {
    "$oid": "60ae4d8692e63921f438361e"
  },
  "studentId": 12,
  "techAssociateId": 10,
  "date": "18-02-2021",
  "subject": "SSAS",
  "helping": 2,
  "handling": 4,
  "guiding": 5,
  "DoubtsClarrifying": 4,
  "Availability": 1,
  "Choosing": 3,
  "Suggestions": "Needs Imporvement"
},{
  "_id": {
    "$oid": "60ae4d8692e63921f438361f"
  },
  "studentId": 28,
  "techAssociateId": 6,
  "date": "15-01-2021",
  "subject": "SSRS",
  "helping": 4,
  "handling": 5,
  "guiding": 3,
  "DoubtsClarrifying": 3,
  "Availability": 5,
  "Choosing": 2,
  "Suggestions": "Exceptional"
},{
  "_id": {
    "$oid": "60ae4d8692e63921f4383620"
  },
  "studentId": 13,
  "techAssociateId": 4,
  "date": "16-03-2021",
  "subject": "BI",
  "helping": 3,
  "handling": 5,
  "guiding": 2,
  "DoubtsClarrifying": 1,
  "Availability": 5,
  "Choosing": 4,
  "Suggestions": "Good"
},{
  "_id": {
    "$oid": "60ae4d8692e63921f4383621"
  },
  "studentId": 22,
  "techAssociateId": 5,
  "date": "19-02-2021",
  "subject": "Data Warehousing",
  "helping": 3,
  "handling": 5,
  "guiding": 1,
  "DoubtsClarrifying": 4,
  "Availability": 4,
  "Choosing": 3,
  "Suggestions": "Bad"
},{
  "_id": {
    "$oid": "60ae4d8692e63921f4383622"
  },
  "studentId": 19,
  "techAssociateId": 6,
  "date": "11-03-2021",
  "subject": "MDDM",
  "helping": 1,
  "handling": 3,
  "guiding": 2,
  "DoubtsClarrifying": 3,
  "Availability": 1,
  "Choosing": 4,
  "Suggestions": "Very Good"
},{
  "_id": {
    "$oid": "60ae4d8692e63921f4383623"
  },
  "studentId": 28,
  "techAssociateId": 2,
  "date": "27-01-2021",
  "subject": "Microsoft Excel",
  "helping": 4,
  "handling": 2,
  "guiding": 4,
  "DoubtsClarrifying": 4,
  "Availability": 1,
  "Choosing": 4,
  "Suggestions": "Needs Imporvement"
},{
  "_id": {
    "$oid": "60ae4d8692e63921f4383624"
  },
  "studentId": 7,
  "techAssociateId": 4,
  "date": "01-03-2021",
  "subject": "Probability and Statistics",
  "helping": 2,
  "handling": 2,
  "guiding": 3,
  "DoubtsClarrifying": 3,
  "Availability": 1,
  "Choosing": 1,
  "Suggestions": "Exceptional"
},{
  "_id": {
    "$oid": "60ae4d8692e63921f4383625"
  },
  "studentId": 24,
  "techAssociateId": 6,
  "date": "14-01-2021",
  "subject": "MongoDB and NoSQL",
  "helping": 4,
  "handling": 5,
  "guiding": 3,
  "DoubtsClarrifying": 3,
  "Availability": 3,
  "Choosing": 5,
  "Suggestions": "Good"
},{
  "_id": {
    "$oid": "60ae4d8692e63921f4383626"
  },
  "studentId": 27,
  "techAssociateId": 2,
  "date": "19-03-2021",
  "subject": "SQL Server",
  "helping": 5,
  "handling": 5,
  "guiding": 1,
  "DoubtsClarrifying": 2,
  "Availability": 5,
  "Choosing": 3,
  "Suggestions": "Bad"
},{
  "_id": {
    "$oid": "60ae4d8692e63921f4383627"
  },
  "studentId": 3,
  "techAssociateId": 9,
  "date": "09-02-2021",
  "subject": "SSIS",
  "helping": 1,
  "handling": 3,
  "guiding": 5,
  "DoubtsClarrifying": 2,
  "Availability": 4,
  "Choosing": 2,
  "Suggestions": "Very Good"
},{
  "_id": {
    "$oid": "60ae4d8692e63921f4383628"
  },
  "studentId": 21,
  "techAssociateId": 9,
  "date": "26-03-2021",
  "subject": "SSAS",
  "helping": 4,
  "handling": 5,
  "guiding": 5,
  "DoubtsClarrifying": 2,
  "Availability": 4,
  "Choosing": 5,
  "Suggestions": "Needs Imporvement"
},{
  "_id": {
    "$oid": "60ae4d8692e63921f4383629"
  },
  "studentId": 14,
  "techAssociateId": 4,
  "date": "13-01-2021",
  "subject": "SSRS",
  "helping": 4,
  "handling": 3,
  "guiding": 1,
  "DoubtsClarrifying": 5,
  "Availability": 3,
  "Choosing": 5,
  "Suggestions": "Exceptional"
},{
  "_id": {
    "$oid": "60ae4d8692e63921f438362a"
  },
  "studentId": 2,
  "techAssociateId": 11,
  "date": "16-02-2021",
  "subject": "BI",
  "helping": 2,
  "handling": 5,
  "guiding": 4,
  "DoubtsClarrifying": 3,
  "Availability": 1,
  "Choosing": 1,
  "Suggestions": "Good"
},{
  "_id": {
    "$oid": "60ae4d8692e63921f438362b"
  },
  "studentId": 1,
  "techAssociateId": 3,
  "date": "12-01-2021",
  "subject": "Data Warehousing",
  "helping": 2,
  "handling": 2,
  "guiding": 5,
  "DoubtsClarrifying": 1,
  "Availability": 4,
  "Choosing": 2,
  "Suggestions": "Bad"
},{
  "_id": {
    "$oid": "60ae4d8692e63921f438362c"
  },
  "studentId": 12,
  "techAssociateId": 3,
  "date": "20-02-2021",
  "subject": "MDDM",
  "helping": 1,
  "handling": 2,
  "guiding": 1,
  "DoubtsClarrifying": 5,
  "Availability": 1,
  "Choosing": 5,
  "Suggestions": "Very Good"
},{
  "_id": {
    "$oid": "60ae4d8692e63921f438362d"
  },
  "studentId": 8,
  "techAssociateId": 12,
  "date": "17-03-2021",
  "subject": "Microsoft Excel",
  "helping": 1,
  "handling": 5,
  "guiding": 3,
  "DoubtsClarrifying": 4,
  "Availability": 4,
  "Choosing": 3,
  "Suggestions": "Needs Imporvement"
},{
  "_id": {
    "$oid": "60ae4d8692e63921f438362e"
  },
  "studentId": 6,
  "techAssociateId": 1,
  "date": "18-02-2021",
  "subject": "Probability and Statistics",
  "helping": 3,
  "handling": 3,
  "guiding": 5,
  "DoubtsClarrifying": 4,
  "Availability": 4,
  "Choosing": 4,
  "Suggestions": "Exceptional"
},{
  "_id": {
    "$oid": "60ae4d8692e63921f438362f"
  },
  "studentId": 12,
  "techAssociateId": 5,
  "date": "07-02-2021",
  "subject": "MongoDB and NoSQL",
  "helping": 4,
  "handling": 2,
  "guiding": 4,
  "DoubtsClarrifying": 1,
  "Availability": 2,
  "Choosing": 1,
  "Suggestions": "Good"
},{
  "_id": {
    "$oid": "60ae4d8692e63921f4383630"
  },
  "studentId": 1,
  "techAssociateId": 5,
  "date": "10-02-2021",
  "subject": "SQL Server",
  "helping": 1,
  "handling": 5,
  "guiding": 2,
  "DoubtsClarrifying": 5,
  "Availability": 5,
  "Choosing": 3,
  "Suggestions": "Bad"
},{
  "_id": {
    "$oid": "60ae4d8692e63921f4383631"
  },
  "studentId": 26,
  "techAssociateId": 2,
  "date": "30-03-2021",
  "subject": "SSIS",
  "helping": 3,
  "handling": 5,
  "guiding": 4,
  "DoubtsClarrifying": 1,
  "Availability": 2,
  "Choosing": 5,
  "Suggestions": "Very Good"
},{
  "_id": {
    "$oid": "60ae4d8692e63921f4383632"
  },
  "studentId": 12,
  "techAssociateId": 6,
  "date": "03-02-2021",
  "subject": "SSAS",
  "helping": 4,
  "handling": 5,
  "guiding": 4,
  "DoubtsClarrifying": 3,
  "Availability": 4,
  "Choosing": 3,
  "Suggestions": "Needs Imporvement"
},{
  "_id": {
    "$oid": "60ae4d8692e63921f4383633"
  },
  "studentId": 13,
  "techAssociateId": 6,
  "date": "12-01-2021",
  "subject": "SSRS",
  "helping": 1,
  "handling": 2,
  "guiding": 5,
  "DoubtsClarrifying": 3,
  "Availability": 4,
  "Choosing": 4,
  "Suggestions": "Exceptional"
},{
  "_id": {
    "$oid": "60ae4d8692e63921f4383634"
  },
  "studentId": 21,
  "techAssociateId": 2,
  "date": "31-01-2021",
  "subject": "BI",
  "helping": 4,
  "handling": 2,
  "guiding": 2,
  "DoubtsClarrifying": 1,
  "Availability": 1,
  "Choosing": 2,
  "Suggestions": "Good"
},{
  "_id": {
    "$oid": "60ae4d8692e63921f4383635"
  },
  "studentId": 18,
  "techAssociateId": 4,
  "date": "13-01-2021",
  "subject": "Data Warehousing",
  "helping": 2,
  "handling": 2,
  "guiding": 5,
  "DoubtsClarrifying": 2,
  "Availability": 3,
  "Choosing": 2,
  "Suggestions": "Bad"
},{
  "_id": {
    "$oid": "60ae4d8692e63921f4383636"
  },
  "studentId": 17,
  "techAssociateId": 4,
  "date": "17-03-2021",
  "subject": "MDDM",
  "helping": 1,
  "handling": 3,
  "guiding": 4,
  "DoubtsClarrifying": 3,
  "Availability": 5,
  "Choosing": 1,
  "Suggestions": "Very Good"
},{
  "_id": {
    "$oid": "60ae4d8692e63921f4383637"
  },
  "studentId": 14,
  "techAssociateId": 4,
  "date": "17-02-2021",
  "subject": "Microsoft Excel",
  "helping": 3,
  "handling": 5,
  "guiding": 3,
  "DoubtsClarrifying": 3,
  "Availability": 5,
  "Choosing": 2,
  "Suggestions": "Needs Imporvement"
},{
  "_id": {
    "$oid": "60ae4d8692e63921f4383638"
  },
  "studentId": 16,
  "techAssociateId": 2,
  "date": "06-02-2021",
  "subject": "Probability and Statistics",
  "helping": 3,
  "handling": 3,
  "guiding": 5,
  "DoubtsClarrifying": 2,
  "Availability": 2,
  "Choosing": 2,
  "Suggestions": "Exceptional"
},{
  "_id": {
    "$oid": "60ae4d8692e63921f4383639"
  },
  "studentId": 2,
  "techAssociateId": 6,
  "date": "05-01-2021",
  "subject": "MongoDB and NoSQL",
  "helping": 2,
  "handling": 2,
  "guiding": 5,
  "DoubtsClarrifying": 3,
  "Availability": 1,
  "Choosing": 1,
  "Suggestions": "Good"
},{
  "_id": {
    "$oid": "60ae4d8692e63921f438363a"
  },
  "studentId": 2,
  "techAssociateId": 7,
  "date": "22-03-2021",
  "subject": "SQL Server",
  "helping": 1,
  "handling": 2,
  "guiding": 3,
  "DoubtsClarrifying": 4,
  "Availability": 4,
  "Choosing": 3,
  "Suggestions": "Bad"
},{
  "_id": {
    "$oid": "60ae4d8692e63921f438363b"
  },
  "studentId": 31,
  "techAssociateId": 11,
  "date": "15-01-2021",
  "subject": "SSIS",
  "helping": 1,
  "handling": 4,
  "guiding": 5,
  "DoubtsClarrifying": 3,
  "Availability": 1,
  "Choosing": 4,
  "Suggestions": "Very Good"
},{
  "_id": {
    "$oid": "60ae4d8692e63921f438363c"
  },
  "studentId": 18,
  "techAssociateId": 6,
  "date": "24-01-2021",
  "subject": "SSAS",
  "helping": 5,
  "handling": 1,
  "guiding": 3,
  "DoubtsClarrifying": 5,
  "Availability": 4,
  "Choosing": 5,
  "Suggestions": "Needs Imporvement"
},{
  "_id": {
    "$oid": "60ae4d8692e63921f438363d"
  },
  "studentId": 4,
  "techAssociateId": 3,
  "date": "07-03-2021",
  "subject": "SSRS",
  "helping": 2,
  "handling": 4,
  "guiding": 4,
  "DoubtsClarrifying": 1,
  "Availability": 1,
  "Choosing": 4,
  "Suggestions": "Exceptional"
},{
  "_id": {
    "$oid": "60ae4d8692e63921f438363e"
  },
  "studentId": 17,
  "techAssociateId": 6,
  "date": "15-01-2021",
  "subject": "BI",
  "helping": 1,
  "handling": 5,
  "guiding": 2,
  "DoubtsClarrifying": 3,
  "Availability": 4,
  "Choosing": 2,
  "Suggestions": "Good"
},{
  "_id": {
    "$oid": "60ae4d8692e63921f438363f"
  },
  "studentId": 31,
  "techAssociateId": 10,
  "date": "09-03-2021",
  "subject": "Data Warehousing",
  "helping": 2,
  "handling": 5,
  "guiding": 1,
  "DoubtsClarrifying": 3,
  "Availability": 5,
  "Choosing": 3,
  "Suggestions": "Bad"
},{
  "_id": {
    "$oid": "60ae4d8692e63921f4383640"
  },
  "studentId": 28,
  "techAssociateId": 8,
  "date": "20-02-2021",
  "subject": "MDDM",
  "helping": 4,
  "handling": 3,
  "guiding": 5,
  "DoubtsClarrifying": 3,
  "Availability": 1,
  "Choosing": 1,
  "Suggestions": "Very Good"
},{
  "_id": {
    "$oid": "60ae4d8692e63921f4383641"
  },
  "studentId": 3,
  "techAssociateId": 2,
  "date": "07-03-2021",
  "subject": "Microsoft Excel",
  "helping": 2,
  "handling": 2,
  "guiding": 5,
  "DoubtsClarrifying": 4,
  "Availability": 3,
  "Choosing": 1,
  "Suggestions": "Needs Imporvement"
},{
  "_id": {
    "$oid": "60ae4d8692e63921f4383642"
  },
  "studentId": 9,
  "techAssociateId": 4,
  "date": "04-01-2021",
  "subject": "Probability and Statistics",
  "helping": 3,
  "handling": 2,
  "guiding": 1,
  "DoubtsClarrifying": 3,
  "Availability": 1,
  "Choosing": 3,
  "Suggestions": "Exceptional"
},{
  "_id": {
    "$oid": "60ae4d8692e63921f4383643"
  },
  "studentId": 28,
  "techAssociateId": 7,
  "date": "14-02-2021",
  "subject": "MongoDB and NoSQL",
  "helping": 3,
  "handling": 2,
  "guiding": 5,
  "DoubtsClarrifying": 2,
  "Availability": 4,
  "Choosing": 4,
  "Suggestions": "Good"
},{
  "_id": {
    "$oid": "60ae4d8692e63921f4383644"
  },
  "studentId": 29,
  "techAssociateId": 4,
  "date": "10-02-2021",
  "subject": "SQL Server",
  "helping": 2,
  "handling": 3,
  "guiding": 3,
  "DoubtsClarrifying": 3,
  "Availability": 5,
  "Choosing": 5,
  "Suggestions": "Bad"
},{
  "_id": {
    "$oid": "60ae4d8692e63921f4383645"
  },
  "studentId": 16,
  "techAssociateId": 1,
  "date": "14-02-2021",
  "subject": "SSIS",
  "helping": 2,
  "handling": 3,
  "guiding": 2,
  "DoubtsClarrifying": 1,
  "Availability": 1,
  "Choosing": 3,
  "Suggestions": "Very Good"
},{
  "_id": {
    "$oid": "60ae4d8692e63921f4383646"
  },
  "studentId": 17,
  "techAssociateId": 6,
  "date": "07-03-2021",
  "subject": "SSAS",
  "helping": 3,
  "handling": 5,
  "guiding": 5,
  "DoubtsClarrifying": 4,
  "Availability": 5,
  "Choosing": 4,
  "Suggestions": "Needs Imporvement"
},{
  "_id": {
    "$oid": "60ae4d8692e63921f4383647"
  },
  "studentId": 8,
  "techAssociateId": 7,
  "date": "08-01-2021",
  "subject": "SSRS",
  "helping": 4,
  "handling": 4,
  "guiding": 4,
  "DoubtsClarrifying": 3,
  "Availability": 2,
  "Choosing": 3,
  "Suggestions": "Exceptional"
},{
  "_id": {
    "$oid": "60ae4d8692e63921f4383648"
  },
  "studentId": 28,
  "techAssociateId": 1,
  "date": "11-03-2021",
  "subject": "BI",
  "helping": 5,
  "handling": 4,
  "guiding": 1,
  "DoubtsClarrifying": 3,
  "Availability": 3,
  "Choosing": 5,
  "Suggestions": "Good"
},{
  "_id": {
    "$oid": "60ae4d8692e63921f4383649"
  },
  "studentId": 22,
  "techAssociateId": 12,
  "date": "28-02-2021",
  "subject": "Data Warehousing",
  "helping": 3,
  "handling": 2,
  "guiding": 2,
  "DoubtsClarrifying": 2,
  "Availability": 1,
  "Choosing": 4,
  "Suggestions": "Bad"
},{
  "_id": {
    "$oid": "60ae4d8692e63921f438364a"
  },
  "studentId": 30,
  "techAssociateId": 12,
  "date": "13-03-2021",
  "subject": "MDDM",
  "helping": 2,
  "handling": 3,
  "guiding": 5,
  "DoubtsClarrifying": 2,
  "Availability": 2,
  "Choosing": 3,
  "Suggestions": "Very Good"
},{
  "_id": {
    "$oid": "60ae4d8692e63921f438364b"
  },
  "studentId": 15,
  "techAssociateId": 5,
  "date": "29-03-2021",
  "subject": "Microsoft Excel",
  "helping": 2,
  "handling": 1,
  "guiding": 5,
  "DoubtsClarrifying": 2,
  "Availability": 3,
  "Choosing": 2,
  "Suggestions": "Needs Imporvement"
},{
  "_id": {
    "$oid": "60ae4d8692e63921f438364c"
  },
  "studentId": 14,
  "techAssociateId": 1,
  "date": "20-02-2021",
  "subject": "Probability and Statistics",
  "helping": 4,
  "handling": 1,
  "guiding": 5,
  "DoubtsClarrifying": 1,
  "Availability": 5,
  "Choosing": 5,
  "Suggestions": "Exceptional"
},{
  "_id": {
    "$oid": "60ae4d8692e63921f438364d"
  },
  "studentId": 29,
  "techAssociateId": 9,
  "date": "18-02-2021",
  "subject": "MongoDB and NoSQL",
  "helping": 4,
  "handling": 4,
  "guiding": 1,
  "DoubtsClarrifying": 3,
  "Availability": 2,
  "Choosing": 5,
  "Suggestions": "Good"
},{
  "_id": {
    "$oid": "60ae4d8692e63921f438364e"
  },
  "studentId": 2,
  "techAssociateId": 5,
  "date": "26-01-2021",
  "subject": "SQL Server",
  "helping": 3,
  "handling": 1,
  "guiding": 4,
  "DoubtsClarrifying": 3,
  "Availability": 1,
  "Choosing": 2,
  "Suggestions": "Bad"
},{
  "_id": {
    "$oid": "60ae4d8692e63921f438364f"
  },
  "studentId": 29,
  "techAssociateId": 3,
  "date": "01-03-2021",
  "subject": "SSIS",
  "helping": 5,
  "handling": 2,
  "guiding": 5,
  "DoubtsClarrifying": 4,
  "Availability": 4,
  "Choosing": 5,
  "Suggestions": "Very Good"
},{
  "_id": {
    "$oid": "60ae4d8692e63921f4383650"
  },
  "studentId": 6,
  "techAssociateId": 6,
  "date": "04-02-2021",
  "subject": "SSAS",
  "helping": 5,
  "handling": 3,
  "guiding": 3,
  "DoubtsClarrifying": 4,
  "Availability": 1,
  "Choosing": 5,
  "Suggestions": "Needs Imporvement"
},{
  "_id": {
    "$oid": "60ae4d8692e63921f4383651"
  },
  "studentId": 17,
  "techAssociateId": 3,
  "date": "27-03-2021",
  "subject": "SSRS",
  "helping": 1,
  "handling": 3,
  "guiding": 1,
  "DoubtsClarrifying": 2,
  "Availability": 5,
  "Choosing": 3,
  "Suggestions": "Exceptional"
},{
  "_id": {
    "$oid": "60ae4d8692e63921f4383652"
  },
  "studentId": 17,
  "techAssociateId": 9,
  "date": "21-01-2021",
  "subject": "BI",
  "helping": 5,
  "handling": 5,
  "guiding": 3,
  "DoubtsClarrifying": 1,
  "Availability": 1,
  "Choosing": 4,
  "Suggestions": "Good"
},{
  "_id": {
    "$oid": "60ae4d8692e63921f4383653"
  },
  "studentId": 11,
  "techAssociateId": 7,
  "date": "27-03-2021",
  "subject": "Data Warehousing",
  "helping": 2,
  "handling": 4,
  "guiding": 4,
  "DoubtsClarrifying": 1,
  "Availability": 4,
  "Choosing": 1,
  "Suggestions": "Bad"
},{
  "_id": {
    "$oid": "60ae4d8692e63921f4383654"
  },
  "studentId": 5,
  "techAssociateId": 3,
  "date": "27-01-2021",
  "subject": "MDDM",
  "helping": 5,
  "handling": 4,
  "guiding": 5,
  "DoubtsClarrifying": 5,
  "Availability": 5,
  "Choosing": 3,
  "Suggestions": "Very Good"
},{
  "_id": {
    "$oid": "60ae4d8692e63921f4383655"
  },
  "studentId": 24,
  "techAssociateId": 6,
  "date": "17-02-2021",
  "subject": "Microsoft Excel",
  "helping": 4,
  "handling": 1,
  "guiding": 3,
  "DoubtsClarrifying": 1,
  "Availability": 2,
  "Choosing": 4,
  "Suggestions": "Needs Imporvement"
},{
  "_id": {
    "$oid": "60ae4d8692e63921f4383656"
  },
  "studentId": 25,
  "techAssociateId": 9,
  "date": "09-02-2021",
  "subject": "Probability and Statistics",
  "helping": 5,
  "handling": 5,
  "guiding": 1,
  "DoubtsClarrifying": 1,
  "Availability": 1,
  "Choosing": 2,
  "Suggestions": "Exceptional"
},{
  "_id": {
    "$oid": "60ae4d8692e63921f4383657"
  },
  "studentId": 10,
  "techAssociateId": 4,
  "date": "27-03-2021",
  "subject": "MongoDB and NoSQL",
  "helping": 5,
  "handling": 1,
  "guiding": 4,
  "DoubtsClarrifying": 3,
  "Availability": 5,
  "Choosing": 1,
  "Suggestions": "Good"
},{
  "_id": {
    "$oid": "60ae4d8692e63921f4383658"
  },
  "studentId": 26,
  "techAssociateId": 7,
  "date": "17-01-2021",
  "subject": "SQL Server",
  "helping": 5,
  "handling": 4,
  "guiding": 5,
  "DoubtsClarrifying": 3,
  "Availability": 1,
  "Choosing": 2,
  "Suggestions": "Bad"
},{
  "_id": {
    "$oid": "60ae4d8692e63921f4383659"
  },
  "studentId": 28,
  "techAssociateId": 11,
  "date": "23-02-2021",
  "subject": "SSIS",
  "helping": 1,
  "handling": 5,
  "guiding": 2,
  "DoubtsClarrifying": 4,
  "Availability": 3,
  "Choosing": 2,
  "Suggestions": "Very Good"
},{
  "_id": {
    "$oid": "60ae4d8692e63921f438365a"
  },
  "studentId": 27,
  "techAssociateId": 7,
  "date": "30-03-2021",
  "subject": "SSAS",
  "helping": 1,
  "handling": 5,
  "guiding": 2,
  "DoubtsClarrifying": 1,
  "Availability": 5,
  "Choosing": 2,
  "Suggestions": "Needs Imporvement"
},{
  "_id": {
    "$oid": "60ae4d8692e63921f438365b"
  },
  "studentId": 19,
  "techAssociateId": 3,
  "date": "21-01-2021",
  "subject": "SSRS",
  "helping": 3,
  "handling": 5,
  "guiding": 4,
  "DoubtsClarrifying": 5,
  "Availability": 4,
  "Choosing": 4,
  "Suggestions": "Exceptional"
},{
  "_id": {
    "$oid": "60ae4d8692e63921f438365c"
  },
  "studentId": 8,
  "techAssociateId": 6,
  "date": "16-02-2021",
  "subject": "BI",
  "helping": 1,
  "handling": 5,
  "guiding": 2,
  "DoubtsClarrifying": 1,
  "Availability": 5,
  "Choosing": 4,
  "Suggestions": "Good"
},{
  "_id": {
    "$oid": "60ae4d8692e63921f438365d"
  },
  "studentId": 4,
  "techAssociateId": 7,
  "date": "17-02-2021",
  "subject": "Data Warehousing",
  "helping": 3,
  "handling": 2,
  "guiding": 5,
  "DoubtsClarrifying": 4,
  "Availability": 1,
  "Choosing": 1,
  "Suggestions": "Bad"
},{
  "_id": {
    "$oid": "60ae4d8692e63921f438365e"
  },
  "studentId": 1,
  "techAssociateId": 1,
  "date": "04-01-2021",
  "subject": "MDDM",
  "helping": 5,
  "handling": 5,
  "guiding": 4,
  "DoubtsClarrifying": 2,
  "Availability": 1,
  "Choosing": 5,
  "Suggestions": "Very Good"
},{
  "_id": {
    "$oid": "60ae4d8692e63921f438365f"
  },
  "studentId": 16,
  "techAssociateId": 5,
  "date": "19-02-2021",
  "subject": "Microsoft Excel",
  "helping": 2,
  "handling": 5,
  "guiding": 3,
  "DoubtsClarrifying": 5,
  "Availability": 5,
  "Choosing": 5,
  "Suggestions": "Needs Imporvement"
},{
  "_id": {
    "$oid": "60ae4d8692e63921f4383660"
  },
  "studentId": 24,
  "techAssociateId": 6,
  "date": "18-03-2021",
  "subject": "Probability and Statistics",
  "helping": 1,
  "handling": 4,
  "guiding": 1,
  "DoubtsClarrifying": 2,
  "Availability": 4,
  "Choosing": 4,
  "Suggestions": "Exceptional"
},{
  "_id": {
    "$oid": "60ae4d8692e63921f4383661"
  },
  "studentId": 19,
  "techAssociateId": 9,
  "date": "03-03-2021",
  "subject": "MongoDB and NoSQL",
  "helping": 2,
  "handling": 2,
  "guiding": 4,
  "DoubtsClarrifying": 1,
  "Availability": 4,
  "Choosing": 3,
  "Suggestions": "Good"
},{
  "_id": {
    "$oid": "60ae4d8692e63921f4383662"
  },
  "studentId": 13,
  "techAssociateId": 4,
  "date": "02-01-2021",
  "subject": "SQL Server",
  "helping": 4,
  "handling": 3,
  "guiding": 2,
  "DoubtsClarrifying": 1,
  "Availability": 5,
  "Choosing": 4,
  "Suggestions": "Bad"
},{
  "_id": {
    "$oid": "60ae4d8692e63921f4383663"
  },
  "studentId": 16,
  "techAssociateId": 6,
  "date": "15-01-2021",
  "subject": "SSIS",
  "helping": 4,
  "handling": 5,
  "guiding": 5,
  "DoubtsClarrifying": 4,
  "Availability": 2,
  "Choosing": 4,
  "Suggestions": "Very Good"
},{
  "_id": {
    "$oid": "60ae4d8692e63921f4383664"
  },
  "studentId": 8,
  "techAssociateId": 5,
  "date": "15-01-2021",
  "subject": "SSAS",
  "helping": 1,
  "handling": 4,
  "guiding": 5,
  "DoubtsClarrifying": 5,
  "Availability": 4,
  "Choosing": 3,
  "Suggestions": "Needs Imporvement"
},{
  "_id": {
    "$oid": "60ae4d8692e63921f4383665"
  },
  "studentId": 5,
  "techAssociateId": 11,
  "date": "04-02-2021",
  "subject": "SSRS",
  "helping": 2,
  "handling": 3,
  "guiding": 1,
  "DoubtsClarrifying": 1,
  "Availability": 5,
  "Choosing": 3,
  "Suggestions": "Exceptional"
},{
  "_id": {
    "$oid": "60ae4d8692e63921f4383666"
  },
  "studentId": 6,
  "techAssociateId": 9,
  "date": "16-02-2021",
  "subject": "BI",
  "helping": 2,
  "handling": 5,
  "guiding": 5,
  "DoubtsClarrifying": 5,
  "Availability": 1,
  "Choosing": 5,
  "Suggestions": "Good"
},{
  "_id": {
    "$oid": "60ae4d8692e63921f4383667"
  },
  "studentId": 22,
  "techAssociateId": 10,
  "date": "20-02-2021",
  "subject": "Data Warehousing",
  "helping": 2,
  "handling": 3,
  "guiding": 3,
  "DoubtsClarrifying": 3,
  "Availability": 3,
  "Choosing": 3,
  "Suggestions": "Bad"
},{
  "_id": {
    "$oid": "60ae4d8692e63921f4383668"
  },
  "studentId": 8,
  "techAssociateId": 5,
  "date": "21-03-2021",
  "subject": "MDDM",
  "helping": 3,
  "handling": 4,
  "guiding": 2,
  "DoubtsClarrifying": 1,
  "Availability": 3,
  "Choosing": 1,
  "Suggestions": "Very Good"
},{
  "_id": {
    "$oid": "60ae4d8692e63921f4383669"
  },
  "studentId": 10,
  "techAssociateId": 11,
  "date": "01-01-2021",
  "subject": "Microsoft Excel",
  "helping": 4,
  "handling": 5,
  "guiding": 4,
  "DoubtsClarrifying": 5,
  "Availability": 5,
  "Choosing": 4,
  "Suggestions": "Needs Imporvement"
},{
  "_id": {
    "$oid": "60ae4d8692e63921f438366a"
  },
  "studentId": 17,
  "techAssociateId": 12,
  "date": "29-01-2021",
  "subject": "Probability and Statistics",
  "helping": 2,
  "handling": 5,
  "guiding": 2,
  "DoubtsClarrifying": 2,
  "Availability": 4,
  "Choosing": 3,
  "Suggestions": "Exceptional"
},{
  "_id": {
    "$oid": "60ae4d8692e63921f438366b"
  },
  "studentId": 25,
  "techAssociateId": 9,
  "date": "19-02-2021",
  "subject": "MongoDB and NoSQL",
  "helping": 2,
  "handling": 5,
  "guiding": 2,
  "DoubtsClarrifying": 1,
  "Availability": 2,
  "Choosing": 3,
  "Suggestions": "Good"
},{
  "_id": {
    "$oid": "60ae4d8692e63921f438366c"
  },
  "studentId": 23,
  "techAssociateId": 12,
  "date": "09-01-2021",
  "subject": "SQL Server",
  "helping": 4,
  "handling": 5,
  "guiding": 2,
  "DoubtsClarrifying": 2,
  "Availability": 3,
  "Choosing": 5,
  "Suggestions": "Bad"
},{
  "_id": {
    "$oid": "60ae4d8692e63921f438366d"
  },
  "studentId": 13,
  "techAssociateId": 10,
  "date": "06-01-2021",
  "subject": "SSIS",
  "helping": 1,
  "handling": 1,
  "guiding": 1,
  "DoubtsClarrifying": 3,
  "Availability": 5,
  "Choosing": 3,
  "Suggestions": "Very Good"
},{
  "_id": {
    "$oid": "60ae4d8692e63921f438366e"
  },
  "studentId": 2,
  "techAssociateId": 8,
  "date": "23-02-2021",
  "subject": "SSAS",
  "helping": 2,
  "handling": 4,
  "guiding": 2,
  "DoubtsClarrifying": 1,
  "Availability": 5,
  "Choosing": 5,
  "Suggestions": "Needs Imporvement"
},{
  "_id": {
    "$oid": "60ae4d8692e63921f438366f"
  },
  "studentId": 28,
  "techAssociateId": 8,
  "date": "19-02-2021",
  "subject": "SSRS",
  "helping": 3,
  "handling": 5,
  "guiding": 3,
  "DoubtsClarrifying": 3,
  "Availability": 5,
  "Choosing": 5,
  "Suggestions": "Exceptional"
},{
  "_id": {
    "$oid": "60ae4d8692e63921f4383670"
  },
  "studentId": 1,
  "techAssociateId": 3,
  "date": "19-03-2021",
  "subject": "BI",
  "helping": 3,
  "handling": 5,
  "guiding": 1,
  "DoubtsClarrifying": 2,
  "Availability": 3,
  "Choosing": 5,
  "Suggestions": "Good"
},{
  "_id": {
    "$oid": "60ae4d8692e63921f4383671"
  },
  "studentId": 15,
  "techAssociateId": 4,
  "date": "01-01-2021",
  "subject": "Data Warehousing",
  "helping": 5,
  "handling": 5,
  "guiding": 5,
  "DoubtsClarrifying": 2,
  "Availability": 5,
  "Choosing": 1,
  "Suggestions": "Bad"
},{
  "_id": {
    "$oid": "60ae4d8692e63921f4383672"
  },
  "studentId": 27,
  "techAssociateId": 5,
  "date": "03-01-2021",
  "subject": "MDDM",
  "helping": 5,
  "handling": 2,
  "guiding": 2,
  "DoubtsClarrifying": 1,
  "Availability": 2,
  "Choosing": 2,
  "Suggestions": "Very Good"
},{
  "_id": {
    "$oid": "60ae4d8692e63921f4383673"
  },
  "studentId": 29,
  "techAssociateId": 10,
  "date": "09-02-2021",
  "subject": "Microsoft Excel",
  "helping": 4,
  "handling": 4,
  "guiding": 3,
  "DoubtsClarrifying": 5,
  "Availability": 1,
  "Choosing": 2,
  "Suggestions": "Needs Imporvement"
},{
  "_id": {
    "$oid": "60ae4d8692e63921f4383674"
  },
  "studentId": 14,
  "techAssociateId": 4,
  "date": "16-01-2021",
  "subject": "Probability and Statistics",
  "helping": 1,
  "handling": 3,
  "guiding": 5,
  "DoubtsClarrifying": 2,
  "Availability": 1,
  "Choosing": 1,
  "Suggestions": "Exceptional"
},{
  "_id": {
    "$oid": "60ae4d8692e63921f4383675"
  },
  "studentId": 13,
  "techAssociateId": 5,
  "date": "20-03-2021",
  "subject": "MongoDB and NoSQL",
  "helping": 1,
  "handling": 2,
  "guiding": 2,
  "DoubtsClarrifying": 5,
  "Availability": 1,
  "Choosing": 4,
  "Suggestions": "Good"
},{
  "_id": {
    "$oid": "60ae4d8692e63921f4383676"
  },
  "studentId": 15,
  "techAssociateId": 3,
  "date": "02-03-2021",
  "subject": "SQL Server",
  "helping": 4,
  "handling": 3,
  "guiding": 5,
  "DoubtsClarrifying": 3,
  "Availability": 4,
  "Choosing": 1,
  "Suggestions": "Bad"
},{
  "_id": {
    "$oid": "60ae4d8692e63921f4383677"
  },
  "studentId": 24,
  "techAssociateId": 12,
  "date": "02-03-2021",
  "subject": "SSIS",
  "helping": 3,
  "handling": 2,
  "guiding": 2,
  "DoubtsClarrifying": 1,
  "Availability": 3,
  "Choosing": 1,
  "Suggestions": "Very Good"
},{
  "_id": {
    "$oid": "60ae4d8692e63921f4383678"
  },
  "studentId": 7,
  "techAssociateId": 7,
  "date": "01-01-2021",
  "subject": "SSAS",
  "helping": 1,
  "handling": 3,
  "guiding": 5,
  "DoubtsClarrifying": 2,
  "Availability": 4,
  "Choosing": 3,
  "Suggestions": "Needs Imporvement"
},{
  "_id": {
    "$oid": "60ae4d8692e63921f4383679"
  },
  "studentId": 5,
  "techAssociateId": 11,
  "date": "05-01-2021",
  "subject": "SSRS",
  "helping": 3,
  "handling": 3,
  "guiding": 2,
  "DoubtsClarrifying": 2,
  "Availability": 3,
  "Choosing": 5,
  "Suggestions": "Exceptional"
},{
  "_id": {
    "$oid": "60ae4d8692e63921f438367a"
  },
  "studentId": 29,
  "techAssociateId": 3,
  "date": "20-02-2021",
  "subject": "BI",
  "helping": 3,
  "handling": 5,
  "guiding": 1,
  "DoubtsClarrifying": 3,
  "Availability": 5,
  "Choosing": 4,
  "Suggestions": "Good"
},{
  "_id": {
    "$oid": "60ae4d8692e63921f438367b"
  },
  "studentId": 3,
  "techAssociateId": 1,
  "date": "08-02-2021",
  "subject": "Data Warehousing",
  "helping": 5,
  "handling": 3,
  "guiding": 2,
  "DoubtsClarrifying": 3,
  "Availability": 5,
  "Choosing": 5,
  "Suggestions": "Bad"
},{
  "_id": {
    "$oid": "60ae4d8692e63921f438367c"
  },
  "studentId": 29,
  "techAssociateId": 7,
  "date": "10-01-2021",
  "subject": "MDDM",
  "helping": 4,
  "handling": 5,
  "guiding": 2,
  "DoubtsClarrifying": 4,
  "Availability": 3,
  "Choosing": 2,
  "Suggestions": "Very Good"
},{
  "_id": {
    "$oid": "60ae4d8692e63921f438367d"
  },
  "studentId": 11,
  "techAssociateId": 7,
  "date": "26-02-2021",
  "subject": "Microsoft Excel",
  "helping": 1,
  "handling": 4,
  "guiding": 2,
  "DoubtsClarrifying": 5,
  "Availability": 1,
  "Choosing": 5,
  "Suggestions": "Needs Imporvement"
},{
  "_id": {
    "$oid": "60ae4d8692e63921f438367e"
  },
  "studentId": 2,
  "techAssociateId": 3,
  "date": "22-02-2021",
  "subject": "Probability and Statistics",
  "helping": 2,
  "handling": 2,
  "guiding": 5,
  "DoubtsClarrifying": 4,
  "Availability": 2,
  "Choosing": 2,
  "Suggestions": "Exceptional"
},{
  "_id": {
    "$oid": "60ae4d8692e63921f438367f"
  },
  "studentId": 15,
  "techAssociateId": 5,
  "date": "19-02-2021",
  "subject": "MongoDB and NoSQL",
  "helping": 1,
  "handling": 2,
  "guiding": 4,
  "DoubtsClarrifying": 3,
  "Availability": 4,
  "Choosing": 1,
  "Suggestions": "Good"
},{
  "_id": {
    "$oid": "60ae4d8692e63921f4383680"
  },
  "studentId": 12,
  "techAssociateId": 9,
  "date": "10-01-2021",
  "subject": "SQL Server",
  "helping": 3,
  "handling": 1,
  "guiding": 1,
  "DoubtsClarrifying": 3,
  "Availability": 5,
  "Choosing": 3,
  "Suggestions": "Bad"
},{
  "_id": {
    "$oid": "60ae4d8692e63921f4383681"
  },
  "studentId": 21,
  "techAssociateId": 2,
  "date": "23-03-2021",
  "subject": "SSIS",
  "helping": 2,
  "handling": 3,
  "guiding": 5,
  "DoubtsClarrifying": 2,
  "Availability": 1,
  "Choosing": 5,
  "Suggestions": "Very Good"
},{
  "_id": {
    "$oid": "60ae4d8692e63921f4383682"
  },
  "studentId": 9,
  "techAssociateId": 11,
  "date": "03-02-2021",
  "subject": "SSAS",
  "helping": 4,
  "handling": 4,
  "guiding": 4,
  "DoubtsClarrifying": 2,
  "Availability": 2,
  "Choosing": 3,
  "Suggestions": "Needs Imporvement"
},{
  "_id": {
    "$oid": "60ae4d8692e63921f4383683"
  },
  "studentId": 26,
  "techAssociateId": 6,
  "date": "01-01-2021",
  "subject": "SSRS",
  "helping": 3,
  "handling": 1,
  "guiding": 1,
  "DoubtsClarrifying": 3,
  "Availability": 3,
  "Choosing": 1,
  "Suggestions": "Exceptional"
},{
  "_id": {
    "$oid": "60ae4d8692e63921f4383684"
  },
  "studentId": 17,
  "techAssociateId": 5,
  "date": "06-02-2021",
  "subject": "BI",
  "helping": 3,
  "handling": 2,
  "guiding": 5,
  "DoubtsClarrifying": 1,
  "Availability": 5,
  "Choosing": 3,
  "Suggestions": "Good"
},{
  "_id": {
    "$oid": "60ae4d8692e63921f4383685"
  },
  "studentId": 5,
  "techAssociateId": 11,
  "date": "24-01-2021",
  "subject": "Data Warehousing",
  "helping": 4,
  "handling": 4,
  "guiding": 2,
  "DoubtsClarrifying": 3,
  "Availability": 2,
  "Choosing": 4,
  "Suggestions": "Bad"
},{
  "_id": {
    "$oid": "60ae4d8692e63921f4383686"
  },
  "studentId": 17,
  "techAssociateId": 10,
  "date": "09-02-2021",
  "subject": "MDDM",
  "helping": 3,
  "handling": 2,
  "guiding": 3,
  "DoubtsClarrifying": 5,
  "Availability": 4,
  "Choosing": 4,
  "Suggestions": "Very Good"
},{
  "_id": {
    "$oid": "60ae4d8692e63921f4383687"
  },
  "studentId": 17,
  "techAssociateId": 12,
  "date": "02-03-2021",
  "subject": "Microsoft Excel",
  "helping": 4,
  "handling": 4,
  "guiding": 1,
  "DoubtsClarrifying": 1,
  "Availability": 5,
  "Choosing": 2,
  "Suggestions": "Needs Imporvement"
},{
  "_id": {
    "$oid": "60ae4d8692e63921f4383688"
  },
  "studentId": 26,
  "techAssociateId": 3,
  "date": "18-03-2021",
  "subject": "Probability and Statistics",
  "helping": 2,
  "handling": 4,
  "guiding": 1,
  "DoubtsClarrifying": 5,
  "Availability": 4,
  "Choosing": 1,
  "Suggestions": "Exceptional"
},{
  "_id": {
    "$oid": "60ae4d8692e63921f4383689"
  },
  "studentId": 25,
  "techAssociateId": 5,
  "date": "29-01-2021",
  "subject": "MongoDB and NoSQL",
  "helping": 4,
  "handling": 3,
  "guiding": 2,
  "DoubtsClarrifying": 4,
  "Availability": 3,
  "Choosing": 2,
  "Suggestions": "Good"
},{
  "_id": {
    "$oid": "60ae4d8692e63921f438368a"
  },
  "studentId": 14,
  "techAssociateId": 8,
  "date": "13-02-2021",
  "subject": "SQL Server",
  "helping": 3,
  "handling": 2,
  "guiding": 3,
  "DoubtsClarrifying": 4,
  "Availability": 2,
  "Choosing": 2,
  "Suggestions": "Bad"
},{
  "_id": {
    "$oid": "60ae4d8692e63921f438368b"
  },
  "studentId": 6,
  "techAssociateId": 7,
  "date": "14-03-2021",
  "subject": "SSIS",
  "helping": 5,
  "handling": 5,
  "guiding": 5,
  "DoubtsClarrifying": 4,
  "Availability": 2,
  "Choosing": 2,
  "Suggestions": "Very Good"
},{
  "_id": {
    "$oid": "60ae4d8692e63921f438368c"
  },
  "studentId": 23,
  "techAssociateId": 7,
  "date": "21-02-2021",
  "subject": "SSAS",
  "helping": 2,
  "handling": 4,
  "guiding": 1,
  "DoubtsClarrifying": 1,
  "Availability": 3,
  "Choosing": 3,
  "Suggestions": "Needs Imporvement"
},{
  "_id": {
    "$oid": "60ae4d8692e63921f438368d"
  },
  "studentId": 5,
  "techAssociateId": 7,
  "date": "02-03-2021",
  "subject": "SSRS",
  "helping": 1,
  "handling": 1,
  "guiding": 4,
  "DoubtsClarrifying": 3,
  "Availability": 4,
  "Choosing": 4,
  "Suggestions": "Exceptional"
},{
  "_id": {
    "$oid": "60ae4d8692e63921f438368e"
  },
  "studentId": 22,
  "techAssociateId": 7,
  "date": "19-03-2021",
  "subject": "BI",
  "helping": 4,
  "handling": 2,
  "guiding": 3,
  "DoubtsClarrifying": 5,
  "Availability": 2,
  "Choosing": 1,
  "Suggestions": "Good"
},{
  "_id": {
    "$oid": "60ae4d8692e63921f438368f"
  },
  "studentId": 1,
  "techAssociateId": 5,
  "date": "01-03-2021",
  "subject": "Data Warehousing",
  "helping": 2,
  "handling": 3,
  "guiding": 1,
  "DoubtsClarrifying": 1,
  "Availability": 3,
  "Choosing": 4,
  "Suggestions": "Bad"
},{
  "_id": {
    "$oid": "60ae4d8692e63921f4383690"
  },
  "studentId": 9,
  "techAssociateId": 7,
  "date": "27-03-2021",
  "subject": "MDDM",
  "helping": 1,
  "handling": 4,
  "guiding": 3,
  "DoubtsClarrifying": 4,
  "Availability": 3,
  "Choosing": 4,
  "Suggestions": "Very Good"
},{
  "_id": {
    "$oid": "60ae4d8692e63921f4383691"
  },
  "studentId": 13,
  "techAssociateId": 12,
  "date": "09-03-2021",
  "subject": "Microsoft Excel",
  "helping": 1,
  "handling": 2,
  "guiding": 5,
  "DoubtsClarrifying": 3,
  "Availability": 2,
  "Choosing": 1,
  "Suggestions": "Needs Imporvement"
},{
  "_id": {
    "$oid": "60ae4d8692e63921f4383692"
  },
  "studentId": 5,
  "techAssociateId": 5,
  "date": "17-01-2021",
  "subject": "Probability and Statistics",
  "helping": 2,
  "handling": 3,
  "guiding": 5,
  "DoubtsClarrifying": 5,
  "Availability": 3,
  "Choosing": 3,
  "Suggestions": "Exceptional"
},{
  "_id": {
    "$oid": "60ae4d8692e63921f4383693"
  },
  "studentId": 1,
  "techAssociateId": 6,
  "date": "22-01-2021",
  "subject": "MongoDB and NoSQL",
  "helping": 5,
  "handling": 1,
  "guiding": 3,
  "DoubtsClarrifying": 2,
  "Availability": 3,
  "Choosing": 1,
  "Suggestions": "Good"
},{
  "_id": {
    "$oid": "60ae4d8692e63921f4383694"
  },
  "studentId": 5,
  "techAssociateId": 12,
  "date": "07-03-2021",
  "subject": "SQL Server",
  "helping": 1,
  "handling": 5,
  "guiding": 2,
  "DoubtsClarrifying": 5,
  "Availability": 3,
  "Choosing": 3,
  "Suggestions": "Bad"
},{
  "_id": {
    "$oid": "60ae4d8692e63921f4383695"
  },
  "studentId": 8,
  "techAssociateId": 5,
  "date": "10-02-2021",
  "subject": "SSIS",
  "helping": 3,
  "handling": 4,
  "guiding": 4,
  "DoubtsClarrifying": 5,
  "Availability": 2,
  "Choosing": 5,
  "Suggestions": "Very Good"
},{
  "_id": {
    "$oid": "60ae4d8692e63921f4383696"
  },
  "studentId": 23,
  "techAssociateId": 1,
  "date": "25-03-2021",
  "subject": "SSAS",
  "helping": 5,
  "handling": 5,
  "guiding": 3,
  "DoubtsClarrifying": 2,
  "Availability": 2,
  "Choosing": 4,
  "Suggestions": "Needs Imporvement"
},{
  "_id": {
    "$oid": "60ae4d8692e63921f4383697"
  },
  "studentId": 4,
  "techAssociateId": 7,
  "date": "28-03-2021",
  "subject": "SSRS",
  "helping": 5,
  "handling": 4,
  "guiding": 4,
  "DoubtsClarrifying": 5,
  "Availability": 4,
  "Choosing": 1,
  "Suggestions": "Exceptional"
},{
  "_id": {
    "$oid": "60ae4d8692e63921f4383698"
  },
  "studentId": 14,
  "techAssociateId": 8,
  "date": "21-03-2021",
  "subject": "BI",
  "helping": 5,
  "handling": 2,
  "guiding": 2,
  "DoubtsClarrifying": 3,
  "Availability": 3,
  "Choosing": 4,
  "Suggestions": "Good"
},{
  "_id": {
    "$oid": "60ae4d8692e63921f4383699"
  },
  "studentId": 8,
  "techAssociateId": 7,
  "date": "09-01-2021",
  "subject": "Data Warehousing",
  "helping": 3,
  "handling": 4,
  "guiding": 3,
  "DoubtsClarrifying": 5,
  "Availability": 3,
  "Choosing": 4,
  "Suggestions": "Bad"
},{
  "_id": {
    "$oid": "60ae4d8692e63921f438369a"
  },
  "studentId": 23,
  "techAssociateId": 4,
  "date": "12-01-2021",
  "subject": "MDDM",
  "helping": 5,
  "handling": 5,
  "guiding": 5,
  "DoubtsClarrifying": 3,
  "Availability": 4,
  "Choosing": 2,
  "Suggestions": "Very Good"
},{
  "_id": {
    "$oid": "60ae4d8692e63921f438369b"
  },
  "studentId": 6,
  "techAssociateId": 8,
  "date": "10-03-2021",
  "subject": "Microsoft Excel",
  "helping": 2,
  "handling": 5,
  "guiding": 5,
  "DoubtsClarrifying": 4,
  "Availability": 3,
  "Choosing": 5,
  "Suggestions": "Needs Imporvement"
},{
  "_id": {
    "$oid": "60ae4d8692e63921f438369c"
  },
  "studentId": 24,
  "techAssociateId": 7,
  "date": "09-01-2021",
  "subject": "Probability and Statistics",
  "helping": 2,
  "handling": 4,
  "guiding": 2,
  "DoubtsClarrifying": 2,
  "Availability": 5,
  "Choosing": 5,
  "Suggestions": "Exceptional"
},{
  "_id": {
    "$oid": "60ae4d8692e63921f438369d"
  },
  "studentId": 19,
  "techAssociateId": 10,
  "date": "31-01-2021",
  "subject": "MongoDB and NoSQL",
  "helping": 3,
  "handling": 4,
  "guiding": 1,
  "DoubtsClarrifying": 2,
  "Availability": 1,
  "Choosing": 4,
  "Suggestions": "Good"
},{
  "_id": {
    "$oid": "60ae4d8692e63921f438369e"
  },
  "studentId": 25,
  "techAssociateId": 7,
  "date": "25-01-2021",
  "subject": "SQL Server",
  "helping": 4,
  "handling": 4,
  "guiding": 3,
  "DoubtsClarrifying": 1,
  "Availability": 3,
  "Choosing": 5,
  "Suggestions": "Bad"
},{
  "_id": {
    "$oid": "60ae4d8692e63921f438369f"
  },
  "studentId": 29,
  "techAssociateId": 11,
  "date": "01-02-2021",
  "subject": "SSIS",
  "helping": 1,
  "handling": 2,
  "guiding": 3,
  "DoubtsClarrifying": 2,
  "Availability": 4,
  "Choosing": 3,
  "Suggestions": "Very Good"
},{
  "_id": {
    "$oid": "60ae4d8692e63921f43836a0"
  },
  "studentId": 14,
  "techAssociateId": 10,
  "date": "20-01-2021",
  "subject": "SSAS",
  "helping": 1,
  "handling": 5,
  "guiding": 5,
  "DoubtsClarrifying": 5,
  "Availability": 3,
  "Choosing": 4,
  "Suggestions": "Needs Imporvement"
},{
  "_id": {
    "$oid": "60ae4d8692e63921f43836a1"
  },
  "studentId": 20,
  "techAssociateId": 11,
  "date": "08-02-2021",
  "subject": "SSRS",
  "helping": 3,
  "handling": 5,
  "guiding": 5,
  "DoubtsClarrifying": 1,
  "Availability": 5,
  "Choosing": 4,
  "Suggestions": "Exceptional"
},{
  "_id": {
    "$oid": "60ae4d8692e63921f43836a2"
  },
  "studentId": 7,
  "techAssociateId": 6,
  "date": "22-03-2021",
  "subject": "BI",
  "helping": 3,
  "handling": 1,
  "guiding": 2,
  "DoubtsClarrifying": 5,
  "Availability": 1,
  "Choosing": 5,
  "Suggestions": "Good"
},{
  "_id": {
    "$oid": "60ae4d8692e63921f43836a3"
  },
  "studentId": 4,
  "techAssociateId": 8,
  "date": "01-03-2021",
  "subject": "Data Warehousing",
  "helping": 2,
  "handling": 2,
  "guiding": 3,
  "DoubtsClarrifying": 5,
  "Availability": 4,
  "Choosing": 4,
  "Suggestions": "Bad"
},{
  "_id": {
    "$oid": "60ae4d8692e63921f43836a4"
  },
  "studentId": 4,
  "techAssociateId": 3,
  "date": "14-03-2021",
  "subject": "MDDM",
  "helping": 2,
  "handling": 3,
  "guiding": 1,
  "DoubtsClarrifying": 5,
  "Availability": 3,
  "Choosing": 5,
  "Suggestions": "Very Good"
},{
  "_id": {
    "$oid": "60ae4d8692e63921f43836a5"
  },
  "studentId": 20,
  "techAssociateId": 11,
  "date": "03-02-2021",
  "subject": "Microsoft Excel",
  "helping": 4,
  "handling": 2,
  "guiding": 3,
  "DoubtsClarrifying": 2,
  "Availability": 1,
  "Choosing": 1,
  "Suggestions": "Needs Imporvement"
},{
  "_id": {
    "$oid": "60ae4d8692e63921f43836a6"
  },
  "studentId": 18,
  "techAssociateId": 4,
  "date": "04-02-2021",
  "subject": "Probability and Statistics",
  "helping": 1,
  "handling": 5,
  "guiding": 4,
  "DoubtsClarrifying": 1,
  "Availability": 2,
  "Choosing": 3,
  "Suggestions": "Exceptional"
},{
  "_id": {
    "$oid": "60ae4d8692e63921f43836a7"
  },
  "studentId": 22,
  "techAssociateId": 3,
  "date": "13-02-2021",
  "subject": "MongoDB and NoSQL",
  "helping": 1,
  "handling": 1,
  "guiding": 2,
  "DoubtsClarrifying": 1,
  "Availability": 2,
  "Choosing": 1,
  "Suggestions": "Good"
},{
  "_id": {
    "$oid": "60ae4d8692e63921f43836a8"
  },
  "studentId": 26,
  "techAssociateId": 8,
  "date": "16-01-2021",
  "subject": "SQL Server",
  "helping": 3,
  "handling": 1,
  "guiding": 5,
  "DoubtsClarrifying": 1,
  "Availability": 3,
  "Choosing": 5,
  "Suggestions": "Bad"
},{
  "_id": {
    "$oid": "60ae4d8692e63921f43836a9"
  },
  "studentId": 19,
  "techAssociateId": 12,
  "date": "28-01-2021",
  "subject": "SSIS",
  "helping": 5,
  "handling": 1,
  "guiding": 3,
  "DoubtsClarrifying": 1,
  "Availability": 2,
  "Choosing": 4,
  "Suggestions": "Very Good"
},{
  "_id": {
    "$oid": "60ae4d8692e63921f43836aa"
  },
  "studentId": 13,
  "techAssociateId": 8,
  "date": "15-02-2021",
  "subject": "SSAS",
  "helping": 3,
  "handling": 1,
  "guiding": 4,
  "DoubtsClarrifying": 3,
  "Availability": 5,
  "Choosing": 4,
  "Suggestions": "Needs Imporvement"
},{
  "_id": {
    "$oid": "60ae4d8692e63921f43836ab"
  },
  "studentId": 15,
  "techAssociateId": 2,
  "date": "17-03-2021",
  "subject": "SSRS",
  "helping": 1,
  "handling": 1,
  "guiding": 2,
  "DoubtsClarrifying": 1,
  "Availability": 4,
  "Choosing": 5,
  "Suggestions": "Exceptional"
},{
  "_id": {
    "$oid": "60ae4d8692e63921f43836ac"
  },
  "studentId": 31,
  "techAssociateId": 1,
  "date": "01-02-2021",
  "subject": "BI",
  "helping": 5,
  "handling": 4,
  "guiding": 2,
  "DoubtsClarrifying": 3,
  "Availability": 3,
  "Choosing": 4,
  "Suggestions": "Good"
},{
  "_id": {
    "$oid": "60ae4d8692e63921f43836ad"
  },
  "studentId": 5,
  "techAssociateId": 5,
  "date": "25-03-2021",
  "subject": "Data Warehousing",
  "helping": 4,
  "handling": 3,
  "guiding": 1,
  "DoubtsClarrifying": 4,
  "Availability": 5,
  "Choosing": 3,
  "Suggestions": "Bad"
},{
  "_id": {
    "$oid": "60ae4d8692e63921f43836ae"
  },
  "studentId": 12,
  "techAssociateId": 3,
  "date": "21-02-2021",
  "subject": "MDDM",
  "helping": 3,
  "handling": 5,
  "guiding": 1,
  "DoubtsClarrifying": 2,
  "Availability": 4,
  "Choosing": 5,
  "Suggestions": "Very Good"
},{
  "_id": {
    "$oid": "60ae4d8692e63921f43836af"
  },
  "studentId": 20,
  "techAssociateId": 10,
  "date": "13-01-2021",
  "subject": "Microsoft Excel",
  "helping": 4,
  "handling": 1,
  "guiding": 2,
  "DoubtsClarrifying": 5,
  "Availability": 1,
  "Choosing": 2,
  "Suggestions": "Needs Imporvement"
},{
  "_id": {
    "$oid": "60ae4d8692e63921f43836b0"
  },
  "studentId": 21,
  "techAssociateId": 5,
  "date": "19-01-2021",
  "subject": "Probability and Statistics",
  "helping": 5,
  "handling": 3,
  "guiding": 2,
  "DoubtsClarrifying": 1,
  "Availability": 5,
  "Choosing": 1,
  "Suggestions": "Exceptional"
},{
  "_id": {
    "$oid": "60ae4d8692e63921f43836b1"
  },
  "studentId": 10,
  "techAssociateId": 2,
  "date": "23-01-2021",
  "subject": "MongoDB and NoSQL",
  "helping": 5,
  "handling": 3,
  "guiding": 4,
  "DoubtsClarrifying": 3,
  "Availability": 4,
  "Choosing": 1,
  "Suggestions": "Good"
},{
  "_id": {
    "$oid": "60ae4d8692e63921f43836b2"
  },
  "studentId": 20,
  "techAssociateId": 5,
  "date": "18-03-2021",
  "subject": "SQL Server",
  "helping": 4,
  "handling": 3,
  "guiding": 4,
  "DoubtsClarrifying": 5,
  "Availability": 3,
  "Choosing": 2,
  "Suggestions": "Bad"
},{
  "_id": {
    "$oid": "60ae4d8692e63921f43836b3"
  },
  "studentId": 9,
  "techAssociateId": 4,
  "date": "22-01-2021",
  "subject": "SSIS",
  "helping": 5,
  "handling": 2,
  "guiding": 5,
  "DoubtsClarrifying": 1,
  "Availability": 3,
  "Choosing": 4,
  "Suggestions": "Very Good"
},{
  "_id": {
    "$oid": "60ae4d8692e63921f43836b4"
  },
  "studentId": 21,
  "techAssociateId": 12,
  "date": "16-01-2021",
  "subject": "SSAS",
  "helping": 4,
  "handling": 4,
  "guiding": 5,
  "DoubtsClarrifying": 3,
  "Availability": 3,
  "Choosing": 5,
  "Suggestions": "Needs Imporvement"
},{
  "_id": {
    "$oid": "60ae4d8692e63921f43836b5"
  },
  "studentId": 14,
  "techAssociateId": 1,
  "date": "15-03-2021",
  "subject": "SSRS",
  "helping": 4,
  "handling": 4,
  "guiding": 4,
  "DoubtsClarrifying": 2,
  "Availability": 3,
  "Choosing": 5,
  "Suggestions": "Exceptional"
},{
  "_id": {
    "$oid": "60ae4d8692e63921f43836b6"
  },
  "studentId": 6,
  "techAssociateId": 11,
  "date": "02-02-2021",
  "subject": "BI",
  "helping": 4,
  "handling": 2,
  "guiding": 5,
  "DoubtsClarrifying": 3,
  "Availability": 1,
  "Choosing": 3,
  "Suggestions": "Good"
},{
  "_id": {
    "$oid": "60ae4d8692e63921f43836b7"
  },
  "studentId": 13,
  "techAssociateId": 3,
  "date": "14-03-2021",
  "subject": "Data Warehousing",
  "helping": 5,
  "handling": 2,
  "guiding": 1,
  "DoubtsClarrifying": 3,
  "Availability": 5,
  "Choosing": 3,
  "Suggestions": "Bad"
},{
  "_id": {
    "$oid": "60ae4d8692e63921f43836b8"
  },
  "studentId": 18,
  "techAssociateId": 4,
  "date": "13-03-2021",
  "subject": "MDDM",
  "helping": 4,
  "handling": 1,
  "guiding": 2,
  "DoubtsClarrifying": 1,
  "Availability": 3,
  "Choosing": 3,
  "Suggestions": "Very Good"
},{
  "_id": {
    "$oid": "60ae4d8692e63921f43836b9"
  },
  "studentId": 5,
  "techAssociateId": 7,
  "date": "28-02-2021",
  "subject": "Microsoft Excel",
  "helping": 1,
  "handling": 4,
  "guiding": 3,
  "DoubtsClarrifying": 5,
  "Availability": 5,
  "Choosing": 2,
  "Suggestions": "Needs Imporvement"
},{
  "_id": {
    "$oid": "60ae4d8692e63921f43836ba"
  },
  "studentId": 30,
  "techAssociateId": 3,
  "date": "13-01-2021",
  "subject": "Probability and Statistics",
  "helping": 3,
  "handling": 3,
  "guiding": 4,
  "DoubtsClarrifying": 2,
  "Availability": 4,
  "Choosing": 3,
  "Suggestions": "Exceptional"
},{
  "_id": {
    "$oid": "60ae4d8692e63921f43836bb"
  },
  "studentId": 6,
  "techAssociateId": 12,
  "date": "19-02-2021",
  "subject": "MongoDB and NoSQL",
  "helping": 2,
  "handling": 3,
  "guiding": 5,
  "DoubtsClarrifying": 4,
  "Availability": 4,
  "Choosing": 3,
  "Suggestions": "Good"
},{
  "_id": {
    "$oid": "60ae4d8692e63921f43836bc"
  },
  "studentId": 10,
  "techAssociateId": 6,
  "date": "02-01-2021",
  "subject": "SQL Server",
  "helping": 2,
  "handling": 4,
  "guiding": 2,
  "DoubtsClarrifying": 4,
  "Availability": 2,
  "Choosing": 5,
  "Suggestions": "Bad"
},{
  "_id": {
    "$oid": "60ae4d8692e63921f43836bd"
  },
  "studentId": 22,
  "techAssociateId": 9,
  "date": "08-01-2021",
  "subject": "SSIS",
  "helping": 4,
  "handling": 5,
  "guiding": 5,
  "DoubtsClarrifying": 5,
  "Availability": 5,
  "Choosing": 5,
  "Suggestions": "Very Good"
},{
  "_id": {
    "$oid": "60ae4d8692e63921f43836be"
  },
  "studentId": 18,
  "techAssociateId": 6,
  "date": "14-01-2021",
  "subject": "SSAS",
  "helping": 2,
  "handling": 3,
  "guiding": 1,
  "DoubtsClarrifying": 3,
  "Availability": 1,
  "Choosing": 3,
  "Suggestions": "Needs Imporvement"
},{
  "_id": {
    "$oid": "60ae4d8692e63921f43836bf"
  },
  "studentId": 28,
  "techAssociateId": 6,
  "date": "14-03-2021",
  "subject": "SSRS",
  "helping": 4,
  "handling": 4,
  "guiding": 5,
  "DoubtsClarrifying": 3,
  "Availability": 1,
  "Choosing": 1,
  "Suggestions": "Exceptional"
},{
  "_id": {
    "$oid": "60ae4d8692e63921f43836c0"
  },
  "studentId": 11,
  "techAssociateId": 11,
  "date": "31-01-2021",
  "subject": "BI",
  "helping": 1,
  "handling": 1,
  "guiding": 1,
  "DoubtsClarrifying": 5,
  "Availability": 2,
  "Choosing": 3,
  "Suggestions": "Good"
},{
  "_id": {
    "$oid": "60ae4d8692e63921f43836c1"
  },
  "studentId": 4,
  "techAssociateId": 3,
  "date": "12-03-2021",
  "subject": "Data Warehousing",
  "helping": 1,
  "handling": 5,
  "guiding": 4,
  "DoubtsClarrifying": 1,
  "Availability": 5,
  "Choosing": 5,
  "Suggestions": "Bad"
},{
  "_id": {
    "$oid": "60ae4d8692e63921f43836c2"
  },
  "studentId": 1,
  "techAssociateId": 6,
  "date": "30-03-2021",
  "subject": "MDDM",
  "helping": 1,
  "handling": 3,
  "guiding": 2,
  "DoubtsClarrifying": 2,
  "Availability": 1,
  "Choosing": 2,
  "Suggestions": "Very Good"
},{
  "_id": {
    "$oid": "60ae4d8692e63921f43836c3"
  },
  "studentId": 19,
  "techAssociateId": 3,
  "date": "10-02-2021",
  "subject": "Microsoft Excel",
  "helping": 4,
  "handling": 5,
  "guiding": 2,
  "DoubtsClarrifying": 5,
  "Availability": 5,
  "Choosing": 3,
  "Suggestions": "Needs Imporvement"
},{
  "_id": {
    "$oid": "60ae4d8692e63921f43836c4"
  },
  "studentId": 17,
  "techAssociateId": 10,
  "date": "28-03-2021",
  "subject": "Probability and Statistics",
  "helping": 2,
  "handling": 3,
  "guiding": 2,
  "DoubtsClarrifying": 1,
  "Availability": 1,
  "Choosing": 1,
  "Suggestions": "Exceptional"
},{
  "_id": {
    "$oid": "60ae4d8692e63921f43836c5"
  },
  "studentId": 13,
  "techAssociateId": 9,
  "date": "23-03-2021",
  "subject": "MongoDB and NoSQL",
  "helping": 1,
  "handling": 3,
  "guiding": 1,
  "DoubtsClarrifying": 4,
  "Availability": 3,
  "Choosing": 2,
  "Suggestions": "Good"
},{
  "_id": {
    "$oid": "60ae4d8692e63921f43836c6"
  },
  "studentId": 13,
  "techAssociateId": 12,
  "date": "18-02-2021",
  "subject": "SQL Server",
  "helping": 1,
  "handling": 1,
  "guiding": 4,
  "DoubtsClarrifying": 2,
  "Availability": 5,
  "Choosing": 4,
  "Suggestions": "Bad"
},{
  "_id": {
    "$oid": "60ae4d8692e63921f43836c7"
  },
  "studentId": 27,
  "techAssociateId": 2,
  "date": "02-03-2021",
  "subject": "SSIS",
  "helping": 1,
  "handling": 5,
  "guiding": 5,
  "DoubtsClarrifying": 1,
  "Availability": 4,
  "Choosing": 5,
  "Suggestions": "Very Good"
},{
  "_id": {
    "$oid": "60ae4d8692e63921f43836c8"
  },
  "studentId": 12,
  "techAssociateId": 8,
  "date": "20-02-2021",
  "subject": "SSAS",
  "helping": 5,
  "handling": 1,
  "guiding": 2,
  "DoubtsClarrifying": 2,
  "Availability": 2,
  "Choosing": 5,
  "Suggestions": "Needs Imporvement"
},{
  "_id": {
    "$oid": "60ae4d8692e63921f43836c9"
  },
  "studentId": 11,
  "techAssociateId": 8,
  "date": "17-01-2021",
  "subject": "SSRS",
  "helping": 2,
  "handling": 3,
  "guiding": 5,
  "DoubtsClarrifying": 2,
  "Availability": 2,
  "Choosing": 1,
  "Suggestions": "Exceptional"
},{
  "_id": {
    "$oid": "60ae4d8692e63921f43836ca"
  },
  "studentId": 17,
  "techAssociateId": 12,
  "date": "03-02-2021",
  "subject": "BI",
  "helping": 2,
  "handling": 4,
  "guiding": 2,
  "DoubtsClarrifying": 3,
  "Availability": 3,
  "Choosing": 5,
  "Suggestions": "Good"
},{
  "_id": {
    "$oid": "60ae4d8692e63921f43836cb"
  },
  "studentId": 9,
  "techAssociateId": 12,
  "date": "28-01-2021",
  "subject": "Data Warehousing",
  "helping": 4,
  "handling": 4,
  "guiding": 5,
  "DoubtsClarrifying": 4,
  "Availability": 5,
  "Choosing": 3,
  "Suggestions": "Bad"
},{
  "_id": {
    "$oid": "60ae4d8692e63921f43836cc"
  },
  "studentId": 15,
  "techAssociateId": 9,
  "date": "19-02-2021",
  "subject": "MDDM",
  "helping": 4,
  "handling": 5,
  "guiding": 2,
  "DoubtsClarrifying": 2,
  "Availability": 4,
  "Choosing": 4,
  "Suggestions": "Very Good"
},{
  "_id": {
    "$oid": "60ae4d8692e63921f43836cd"
  },
  "studentId": 6,
  "techAssociateId": 5,
  "date": "24-01-2021",
  "subject": "Microsoft Excel",
  "helping": 2,
  "handling": 4,
  "guiding": 2,
  "DoubtsClarrifying": 4,
  "Availability": 5,
  "Choosing": 5,
  "Suggestions": "Needs Imporvement"
},{
  "_id": {
    "$oid": "60ae4d8692e63921f43836ce"
  },
  "studentId": 31,
  "techAssociateId": 11,
  "date": "10-01-2021",
  "subject": "Probability and Statistics",
  "helping": 2,
  "handling": 3,
  "guiding": 4,
  "DoubtsClarrifying": 3,
  "Availability": 3,
  "Choosing": 4,
  "Suggestions": "Exceptional"
},{
  "_id": {
    "$oid": "60ae4d8692e63921f43836cf"
  },
  "studentId": 6,
  "techAssociateId": 5,
  "date": "31-01-2021",
  "subject": "MongoDB and NoSQL",
  "helping": 5,
  "handling": 5,
  "guiding": 4,
  "DoubtsClarrifying": 1,
  "Availability": 5,
  "Choosing": 4,
  "Suggestions": "Good"
},{
  "_id": {
    "$oid": "60ae4d8692e63921f43836d0"
  },
  "studentId": 10,
  "techAssociateId": 8,
  "date": "24-03-2021",
  "subject": "SQL Server",
  "helping": 1,
  "handling": 1,
  "guiding": 4,
  "DoubtsClarrifying": 5,
  "Availability": 2,
  "Choosing": 1,
  "Suggestions": "Bad"
},{
  "_id": {
    "$oid": "60ae4d8692e63921f43836d1"
  },
  "studentId": 3,
  "techAssociateId": 12,
  "date": "08-02-2021",
  "subject": "SSIS",
  "helping": 4,
  "handling": 5,
  "guiding": 2,
  "DoubtsClarrifying": 3,
  "Availability": 3,
  "Choosing": 2,
  "Suggestions": "Very Good"
},{
  "_id": {
    "$oid": "60ae4d8692e63921f43836d2"
  },
  "studentId": 26,
  "techAssociateId": 11,
  "date": "23-03-2021",
  "subject": "SSAS",
  "helping": 2,
  "handling": 3,
  "guiding": 4,
  "DoubtsClarrifying": 2,
  "Availability": 1,
  "Choosing": 2,
  "Suggestions": "Needs Imporvement"
},{
  "_id": {
    "$oid": "60ae4d8692e63921f43836d3"
  },
  "studentId": 4,
  "techAssociateId": 6,
  "date": "27-02-2021",
  "subject": "SSRS",
  "helping": 3,
  "handling": 2,
  "guiding": 2,
  "DoubtsClarrifying": 1,
  "Availability": 1,
  "Choosing": 5,
  "Suggestions": "Exceptional"
},{
  "_id": {
    "$oid": "60ae4d8692e63921f43836d4"
  },
  "studentId": 3,
  "techAssociateId": 4,
  "date": "22-01-2021",
  "subject": "BI",
  "helping": 5,
  "handling": 1,
  "guiding": 3,
  "DoubtsClarrifying": 4,
  "Availability": 2,
  "Choosing": 5,
  "Suggestions": "Good"
},{
  "_id": {
    "$oid": "60ae4d8692e63921f43836d5"
  },
  "studentId": 26,
  "techAssociateId": 9,
  "date": "26-02-2021",
  "subject": "Data Warehousing",
  "helping": 2,
  "handling": 3,
  "guiding": 2,
  "DoubtsClarrifying": 4,
  "Availability": 2,
  "Choosing": 2,
  "Suggestions": "Bad"
},{
  "_id": {
    "$oid": "60ae4d8692e63921f43836d6"
  },
  "studentId": 27,
  "techAssociateId": 6,
  "date": "23-02-2021",
  "subject": "MDDM",
  "helping": 1,
  "handling": 2,
  "guiding": 3,
  "DoubtsClarrifying": 5,
  "Availability": 1,
  "Choosing": 5,
  "Suggestions": "Very Good"
},{
  "_id": {
    "$oid": "60ae4d8692e63921f43836d7"
  },
  "studentId": 5,
  "techAssociateId": 7,
  "date": "27-03-2021",
  "subject": "Microsoft Excel",
  "helping": 2,
  "handling": 3,
  "guiding": 1,
  "DoubtsClarrifying": 3,
  "Availability": 1,
  "Choosing": 4,
  "Suggestions": "Needs Imporvement"
},{
  "_id": {
    "$oid": "60ae4d8692e63921f43836d8"
  },
  "studentId": 20,
  "techAssociateId": 6,
  "date": "31-01-2021",
  "subject": "Probability and Statistics",
  "helping": 4,
  "handling": 3,
  "guiding": 1,
  "DoubtsClarrifying": 4,
  "Availability": 3,
  "Choosing": 3,
  "Suggestions": "Exceptional"
},{
  "_id": {
    "$oid": "60ae4d8692e63921f43836d9"
  },
  "studentId": 13,
  "techAssociateId": 1,
  "date": "23-03-2021",
  "subject": "MongoDB and NoSQL",
  "helping": 1,
  "handling": 1,
  "guiding": 2,
  "DoubtsClarrifying": 3,
  "Availability": 2,
  "Choosing": 3,
  "Suggestions": "Good"
},{
  "_id": {
    "$oid": "60ae4d8692e63921f43836da"
  },
  "studentId": 26,
  "techAssociateId": 12,
  "date": "16-03-2021",
  "subject": "SQL Server",
  "helping": 5,
  "handling": 2,
  "guiding": 1,
  "DoubtsClarrifying": 2,
  "Availability": 5,
  "Choosing": 3,
  "Suggestions": "Bad"
},{
  "_id": {
    "$oid": "60ae4d8692e63921f43836db"
  },
  "studentId": 14,
  "techAssociateId": 8,
  "date": "17-03-2021",
  "subject": "SSIS",
  "helping": 3,
  "handling": 2,
  "guiding": 5,
  "DoubtsClarrifying": 1,
  "Availability": 4,
  "Choosing": 3,
  "Suggestions": "Very Good"
},{
  "_id": {
    "$oid": "60ae4d8692e63921f43836dc"
  },
  "studentId": 27,
  "techAssociateId": 10,
  "date": "15-02-2021",
  "subject": "SSAS",
  "helping": 1,
  "handling": 4,
  "guiding": 2,
  "DoubtsClarrifying": 4,
  "Availability": 3,
  "Choosing": 1,
  "Suggestions": "Needs Imporvement"
},{
  "_id": {
    "$oid": "60ae4d8692e63921f43836dd"
  },
  "studentId": 27,
  "techAssociateId": 5,
  "date": "15-02-2021",
  "subject": "SSRS",
  "helping": 3,
  "handling": 5,
  "guiding": 1,
  "DoubtsClarrifying": 1,
  "Availability": 3,
  "Choosing": 1,
  "Suggestions": "Exceptional"
},{
  "_id": {
    "$oid": "60ae4d8692e63921f43836de"
  },
  "studentId": 6,
  "techAssociateId": 7,
  "date": "18-03-2021",
  "subject": "BI",
  "helping": 2,
  "handling": 4,
  "guiding": 2,
  "DoubtsClarrifying": 2,
  "Availability": 2,
  "Choosing": 3,
  "Suggestions": "Good"
},{
  "_id": {
    "$oid": "60ae4d8692e63921f43836df"
  },
  "studentId": 31,
  "techAssociateId": 9,
  "date": "02-02-2021",
  "subject": "Data Warehousing",
  "helping": 4,
  "handling": 4,
  "guiding": 5,
  "DoubtsClarrifying": 4,
  "Availability": 3,
  "Choosing": 1,
  "Suggestions": "Bad"
},{
  "_id": {
    "$oid": "60ae4d8692e63921f43836e0"
  },
  "studentId": 24,
  "techAssociateId": 9,
  "date": "26-01-2021",
  "subject": "MDDM",
  "helping": 5,
  "handling": 2,
  "guiding": 2,
  "DoubtsClarrifying": 3,
  "Availability": 3,
  "Choosing": 4,
  "Suggestions": "Very Good"
},{
  "_id": {
    "$oid": "60ae4d8692e63921f43836e1"
  },
  "studentId": 24,
  "techAssociateId": 2,
  "date": "05-01-2021",
  "subject": "Microsoft Excel",
  "helping": 5,
  "handling": 5,
  "guiding": 4,
  "DoubtsClarrifying": 3,
  "Availability": 2,
  "Choosing": 4,
  "Suggestions": "Needs Imporvement"
},{
  "_id": {
    "$oid": "60ae4d8692e63921f43836e2"
  },
  "studentId": 4,
  "techAssociateId": 5,
  "date": "20-01-2021",
  "subject": "Probability and Statistics",
  "helping": 5,
  "handling": 5,
  "guiding": 4,
  "DoubtsClarrifying": 2,
  "Availability": 5,
  "Choosing": 5,
  "Suggestions": "Exceptional"
},{
  "_id": {
    "$oid": "60ae4d8692e63921f43836e3"
  },
  "studentId": 29,
  "techAssociateId": 4,
  "date": "13-01-2021",
  "subject": "MongoDB and NoSQL",
  "helping": 3,
  "handling": 2,
  "guiding": 1,
  "DoubtsClarrifying": 3,
  "Availability": 3,
  "Choosing": 2,
  "Suggestions": "Good"
},{
  "_id": {
    "$oid": "60ae4d8692e63921f43836e4"
  },
  "studentId": 3,
  "techAssociateId": 5,
  "date": "14-01-2021",
  "subject": "SQL Server",
  "helping": 3,
  "handling": 5,
  "guiding": 5,
  "DoubtsClarrifying": 4,
  "Availability": 3,
  "Choosing": 4,
  "Suggestions": "Bad"
},{
  "_id": {
    "$oid": "60ae4d8692e63921f43836e5"
  },
  "studentId": 6,
  "techAssociateId": 12,
  "date": "04-02-2021",
  "subject": "SSIS",
  "helping": 4,
  "handling": 4,
  "guiding": 5,
  "DoubtsClarrifying": 1,
  "Availability": 5,
  "Choosing": 5,
  "Suggestions": "Very Good"
},{
  "_id": {
    "$oid": "60ae4d8692e63921f43836e6"
  },
  "studentId": 25,
  "techAssociateId": 12,
  "date": "20-02-2021",
  "subject": "SSAS",
  "helping": 1,
  "handling": 1,
  "guiding": 5,
  "DoubtsClarrifying": 4,
  "Availability": 5,
  "Choosing": 2,
  "Suggestions": "Needs Imporvement"
},{
  "_id": {
    "$oid": "60ae4d8692e63921f43836e7"
  },
  "studentId": 7,
  "techAssociateId": 2,
  "date": "24-01-2021",
  "subject": "SSRS",
  "helping": 1,
  "handling": 5,
  "guiding": 1,
  "DoubtsClarrifying": 5,
  "Availability": 2,
  "Choosing": 4,
  "Suggestions": "Exceptional"
},{
  "_id": {
    "$oid": "60ae4d8692e63921f43836e8"
  },
  "studentId": 17,
  "techAssociateId": 12,
  "date": "30-01-2021",
  "subject": "BI",
  "helping": 4,
  "handling": 1,
  "guiding": 3,
  "DoubtsClarrifying": 1,
  "Availability": 3,
  "Choosing": 1,
  "Suggestions": "Good"
},{
  "_id": {
    "$oid": "60ae4d8692e63921f43836e9"
  },
  "studentId": 5,
  "techAssociateId": 5,
  "date": "30-03-2021",
  "subject": "Data Warehousing",
  "helping": 3,
  "handling": 2,
  "guiding": 1,
  "DoubtsClarrifying": 4,
  "Availability": 2,
  "Choosing": 4,
  "Suggestions": "Bad"
},{
  "_id": {
    "$oid": "60ae4d8692e63921f43836ea"
  },
  "studentId": 17,
  "techAssociateId": 8,
  "date": "31-03-2021",
  "subject": "MDDM",
  "helping": 2,
  "handling": 3,
  "guiding": 3,
  "DoubtsClarrifying": 1,
  "Availability": 2,
  "Choosing": 4,
  "Suggestions": "Very Good"
},{
  "_id": {
    "$oid": "60ae4d8692e63921f43836eb"
  },
  "studentId": 19,
  "techAssociateId": 5,
  "date": "04-01-2021",
  "subject": "Microsoft Excel",
  "helping": 3,
  "handling": 2,
  "guiding": 5,
  "DoubtsClarrifying": 5,
  "Availability": 3,
  "Choosing": 4,
  "Suggestions": "Needs Imporvement"
},{
  "_id": {
    "$oid": "60ae4d8692e63921f43836ec"
  },
  "studentId": 4,
  "techAssociateId": 1,
  "date": "29-01-2021",
  "subject": "Probability and Statistics",
  "helping": 4,
  "handling": 2,
  "guiding": 3,
  "DoubtsClarrifying": 3,
  "Availability": 3,
  "Choosing": 4,
  "Suggestions": "Exceptional"
},{
  "_id": {
    "$oid": "60ae4d8692e63921f43836ed"
  },
  "studentId": 15,
  "techAssociateId": 9,
  "date": "13-03-2021",
  "subject": "MongoDB and NoSQL",
  "helping": 2,
  "handling": 4,
  "guiding": 4,
  "DoubtsClarrifying": 1,
  "Availability": 4,
  "Choosing": 2,
  "Suggestions": "Good"
},{
  "_id": {
    "$oid": "60ae4d8692e63921f43836ee"
  },
  "studentId": 18,
  "techAssociateId": 1,
  "date": "07-02-2021",
  "subject": "SQL Server",
  "helping": 4,
  "handling": 2,
  "guiding": 2,
  "DoubtsClarrifying": 4,
  "Availability": 4,
  "Choosing": 3,
  "Suggestions": "Bad"
},{
  "_id": {
    "$oid": "60ae4d8692e63921f43836ef"
  },
  "studentId": 4,
  "techAssociateId": 7,
  "date": "26-01-2021",
  "subject": "SSIS",
  "helping": 2,
  "handling": 3,
  "guiding": 2,
  "DoubtsClarrifying": 2,
  "Availability": 5,
  "Choosing": 1,
  "Suggestions": "Very Good"
},{
  "_id": {
    "$oid": "60ae4d8692e63921f43836f0"
  },
  "studentId": 1,
  "techAssociateId": 1,
  "date": "09-02-2021",
  "subject": "SSAS",
  "helping": 3,
  "handling": 1,
  "guiding": 5,
  "DoubtsClarrifying": 2,
  "Availability": 2,
  "Choosing": 4,
  "Suggestions": "Needs Imporvement"
},{
  "_id": {
    "$oid": "60ae4d8692e63921f43836f1"
  },
  "studentId": 4,
  "techAssociateId": 3,
  "date": "08-02-2021",
  "subject": "SSRS",
  "helping": 3,
  "handling": 4,
  "guiding": 5,
  "DoubtsClarrifying": 5,
  "Availability": 1,
  "Choosing": 3,
  "Suggestions": "Exceptional"
},{
  "_id": {
    "$oid": "60ae4d8692e63921f43836f2"
  },
  "studentId": 2,
  "techAssociateId": 10,
  "date": "15-02-2021",
  "subject": "BI",
  "helping": 5,
  "handling": 5,
  "guiding": 4,
  "DoubtsClarrifying": 1,
  "Availability": 5,
  "Choosing": 1,
  "Suggestions": "Good"
},{
  "_id": {
    "$oid": "60ae4d8692e63921f43836f3"
  },
  "studentId": 27,
  "techAssociateId": 10,
  "date": "26-01-2021",
  "subject": "Data Warehousing",
  "helping": 5,
  "handling": 1,
  "guiding": 2,
  "DoubtsClarrifying": 2,
  "Availability": 2,
  "Choosing": 4,
  "Suggestions": "Bad"
},{
  "_id": {
    "$oid": "60ae4d8692e63921f43836f4"
  },
  "studentId": 21,
  "techAssociateId": 9,
  "date": "05-02-2021",
  "subject": "MDDM",
  "helping": 2,
  "handling": 1,
  "guiding": 2,
  "DoubtsClarrifying": 5,
  "Availability": 1,
  "Choosing": 1,
  "Suggestions": "Very Good"
},{
  "_id": {
    "$oid": "60ae4d8692e63921f43836f5"
  },
  "studentId": 5,
  "techAssociateId": 11,
  "date": "17-03-2021",
  "subject": "Microsoft Excel",
  "helping": 1,
  "handling": 3,
  "guiding": 2,
  "DoubtsClarrifying": 4,
  "Availability": 4,
  "Choosing": 3,
  "Suggestions": "Needs Imporvement"
},{
  "_id": {
    "$oid": "60ae4d8692e63921f43836f6"
  },
  "studentId": 23,
  "techAssociateId": 3,
  "date": "27-02-2021",
  "subject": "Probability and Statistics",
  "helping": 1,
  "handling": 2,
  "guiding": 2,
  "DoubtsClarrifying": 3,
  "Availability": 2,
  "Choosing": 4,
  "Suggestions": "Exceptional"
},{
  "_id": {
    "$oid": "60ae4d8692e63921f43836f7"
  },
  "studentId": 31,
  "techAssociateId": 11,
  "date": "16-02-2021",
  "subject": "MongoDB and NoSQL",
  "helping": 2,
  "handling": 5,
  "guiding": 5,
  "DoubtsClarrifying": 4,
  "Availability": 2,
  "Choosing": 4,
  "Suggestions": "Good"
},{
  "_id": {
    "$oid": "60ae4d8692e63921f43836f8"
  },
  "studentId": 9,
  "techAssociateId": 10,
  "date": "12-01-2021",
  "subject": "SQL Server",
  "helping": 5,
  "handling": 4,
  "guiding": 2,
  "DoubtsClarrifying": 3,
  "Availability": 5,
  "Choosing": 2,
  "Suggestions": "Bad"
},{
  "_id": {
    "$oid": "60ae4d8692e63921f43836f9"
  },
  "studentId": 25,
  "techAssociateId": 2,
  "date": "27-02-2021",
  "subject": "SSIS",
  "helping": 2,
  "handling": 4,
  "guiding": 4,
  "DoubtsClarrifying": 4,
  "Availability": 1,
  "Choosing": 4,
  "Suggestions": "Very Good"
},{
  "_id": {
    "$oid": "60ae4d8692e63921f43836fa"
  },
  "studentId": 6,
  "techAssociateId": 1,
  "date": "22-02-2021",
  "subject": "SSAS",
  "helping": 2,
  "handling": 3,
  "guiding": 4,
  "DoubtsClarrifying": 1,
  "Availability": 1,
  "Choosing": 1,
  "Suggestions": "Needs Imporvement"
},{
  "_id": {
    "$oid": "60ae4d8692e63921f43836fb"
  },
  "studentId": 18,
  "techAssociateId": 1,
  "date": "20-03-2021",
  "subject": "SSRS",
  "helping": 2,
  "handling": 2,
  "guiding": 5,
  "DoubtsClarrifying": 4,
  "Availability": 3,
  "Choosing": 4,
  "Suggestions": "Exceptional"
},{
  "_id": {
    "$oid": "60ae4d8692e63921f43836fc"
  },
  "studentId": 30,
  "techAssociateId": 1,
  "date": "04-03-2021",
  "subject": "BI",
  "helping": 2,
  "handling": 3,
  "guiding": 5,
  "DoubtsClarrifying": 3,
  "Availability": 5,
  "Choosing": 3,
  "Suggestions": "Good"
},{
  "_id": {
    "$oid": "60ae4d8692e63921f43836fd"
  },
  "studentId": 11,
  "techAssociateId": 4,
  "date": "11-01-2021",
  "subject": "Data Warehousing",
  "helping": 5,
  "handling": 5,
  "guiding": 4,
  "DoubtsClarrifying": 3,
  "Availability": 1,
  "Choosing": 2,
  "Suggestions": "Bad"
},{
  "_id": {
    "$oid": "60ae4d8692e63921f43836fe"
  },
  "studentId": 2,
  "techAssociateId": 4,
  "date": "16-02-2021",
  "subject": "MDDM",
  "helping": 4,
  "handling": 3,
  "guiding": 2,
  "DoubtsClarrifying": 3,
  "Availability": 5,
  "Choosing": 5,
  "Suggestions": "Very Good"
},{
  "_id": {
    "$oid": "60ae4d8692e63921f43836ff"
  },
  "studentId": 13,
  "techAssociateId": 11,
  "date": "13-01-2021",
  "subject": "Microsoft Excel",
  "helping": 1,
  "handling": 1,
  "guiding": 4,
  "DoubtsClarrifying": 3,
  "Availability": 5,
  "Choosing": 4,
  "Suggestions": "Needs Imporvement"
},{
  "_id": {
    "$oid": "60ae4d8692e63921f4383700"
  },
  "studentId": 30,
  "techAssociateId": 3,
  "date": "30-03-2021",
  "subject": "Probability and Statistics",
  "helping": 3,
  "handling": 1,
  "guiding": 1,
  "DoubtsClarrifying": 3,
  "Availability": 1,
  "Choosing": 3,
  "Suggestions": "Exceptional"
},{
  "_id": {
    "$oid": "60ae4d8692e63921f4383701"
  },
  "studentId": 29,
  "techAssociateId": 10,
  "date": "24-02-2021",
  "subject": "MongoDB and NoSQL",
  "helping": 1,
  "handling": 5,
  "guiding": 1,
  "DoubtsClarrifying": 2,
  "Availability": 3,
  "Choosing": 5,
  "Suggestions": "Good"
},{
  "_id": {
    "$oid": "60ae4d8692e63921f4383702"
  },
  "studentId": 26,
  "techAssociateId": 6,
  "date": "12-01-2021",
  "subject": "SQL Server",
  "helping": 2,
  "handling": 5,
  "guiding": 5,
  "DoubtsClarrifying": 1,
  "Availability": 5,
  "Choosing": 2,
  "Suggestions": "Bad"
},{
  "_id": {
    "$oid": "60ae4d8692e63921f4383703"
  },
  "studentId": 22,
  "techAssociateId": 7,
  "date": "16-03-2021",
  "subject": "SSIS",
  "helping": 3,
  "handling": 4,
  "guiding": 5,
  "DoubtsClarrifying": 5,
  "Availability": 3,
  "Choosing": 2,
  "Suggestions": "Very Good"
},{
  "_id": {
    "$oid": "60ae4d8692e63921f4383704"
  },
  "studentId": 7,
  "techAssociateId": 3,
  "date": "24-02-2021",
  "subject": "SSAS",
  "helping": 2,
  "handling": 5,
  "guiding": 4,
  "DoubtsClarrifying": 5,
  "Availability": 5,
  "Choosing": 3,
  "Suggestions": "Needs Imporvement"
},{
  "_id": {
    "$oid": "60ae4d8692e63921f4383705"
  },
  "studentId": 23,
  "techAssociateId": 11,
  "date": "20-01-2021",
  "subject": "SSRS",
  "helping": 2,
  "handling": 3,
  "guiding": 1,
  "DoubtsClarrifying": 3,
  "Availability": 5,
  "Choosing": 2,
  "Suggestions": "Exceptional"
},{
  "_id": {
    "$oid": "60ae4d8692e63921f4383706"
  },
  "studentId": 10,
  "techAssociateId": 4,
  "date": "02-02-2021",
  "subject": "BI",
  "helping": 5,
  "handling": 5,
  "guiding": 3,
  "DoubtsClarrifying": 3,
  "Availability": 3,
  "Choosing": 2,
  "Suggestions": "Good"
},{
  "_id": {
    "$oid": "60ae4d8692e63921f4383707"
  },
  "studentId": 8,
  "techAssociateId": 7,
  "date": "31-01-2021",
  "subject": "Data Warehousing",
  "helping": 5,
  "handling": 4,
  "guiding": 1,
  "DoubtsClarrifying": 1,
  "Availability": 3,
  "Choosing": 4,
  "Suggestions": "Bad"
},{
  "_id": {
    "$oid": "60ae4d8692e63921f4383708"
  },
  "studentId": 4,
  "techAssociateId": 1,
  "date": "02-02-2021",
  "subject": "MDDM",
  "helping": 5,
  "handling": 5,
  "guiding": 5,
  "DoubtsClarrifying": 5,
  "Availability": 5,
  "Choosing": 2,
  "Suggestions": "Very Good"
},{
  "_id": {
    "$oid": "60ae4d8692e63921f4383709"
  },
  "studentId": 20,
  "techAssociateId": 2,
  "date": "19-03-2021",
  "subject": "Microsoft Excel",
  "helping": 1,
  "handling": 4,
  "guiding": 4,
  "DoubtsClarrifying": 5,
  "Availability": 1,
  "Choosing": 5,
  "Suggestions": "Needs Imporvement"
},{
  "_id": {
    "$oid": "60ae4d8692e63921f438370a"
  },
  "studentId": 30,
  "techAssociateId": 4,
  "date": "22-03-2021",
  "subject": "Probability and Statistics",
  "helping": 4,
  "handling": 3,
  "guiding": 4,
  "DoubtsClarrifying": 2,
  "Availability": 4,
  "Choosing": 1,
  "Suggestions": "Exceptional"
},{
  "_id": {
    "$oid": "60ae4d8692e63921f438370b"
  },
  "studentId": 30,
  "techAssociateId": 6,
  "date": "30-03-2021",
  "subject": "MongoDB and NoSQL",
  "helping": 3,
  "handling": 1,
  "guiding": 5,
  "DoubtsClarrifying": 4,
  "Availability": 3,
  "Choosing": 1,
  "Suggestions": "Good"
},{
  "_id": {
    "$oid": "60ae4d8692e63921f438370c"
  },
  "studentId": 3,
  "techAssociateId": 9,
  "date": "18-01-2021",
  "subject": "SQL Server",
  "helping": 1,
  "handling": 4,
  "guiding": 2,
  "DoubtsClarrifying": 1,
  "Availability": 4,
  "Choosing": 4,
  "Suggestions": "Bad"
},{
  "_id": {
    "$oid": "60ae4d8692e63921f438370d"
  },
  "studentId": 18,
  "techAssociateId": 5,
  "date": "02-02-2021",
  "subject": "SSIS",
  "helping": 3,
  "handling": 2,
  "guiding": 2,
  "DoubtsClarrifying": 1,
  "Availability": 1,
  "Choosing": 1,
  "Suggestions": "Very Good"
},{
  "_id": {
    "$oid": "60ae4d8692e63921f438370e"
  },
  "studentId": 24,
  "techAssociateId": 6,
  "date": "03-03-2021",
  "subject": "SSAS",
  "helping": 3,
  "handling": 5,
  "guiding": 2,
  "DoubtsClarrifying": 4,
  "Availability": 2,
  "Choosing": 1,
  "Suggestions": "Needs Imporvement"
},{
  "_id": {
    "$oid": "60ae4d8692e63921f438370f"
  },
  "studentId": 5,
  "techAssociateId": 6,
  "date": "17-02-2021",
  "subject": "SSRS",
  "helping": 2,
  "handling": 2,
  "guiding": 3,
  "DoubtsClarrifying": 5,
  "Availability": 1,
  "Choosing": 1,
  "Suggestions": "Exceptional"
},{
  "_id": {
    "$oid": "60ae4d8692e63921f4383710"
  },
  "studentId": 25,
  "techAssociateId": 7,
  "date": "19-01-2021",
  "subject": "BI",
  "helping": 1,
  "handling": 5,
  "guiding": 5,
  "DoubtsClarrifying": 4,
  "Availability": 5,
  "Choosing": 1,
  "Suggestions": "Good"
},{
  "_id": {
    "$oid": "60ae4d8692e63921f4383711"
  },
  "studentId": 11,
  "techAssociateId": 9,
  "date": "02-03-2021",
  "subject": "Data Warehousing",
  "helping": 4,
  "handling": 2,
  "guiding": 5,
  "DoubtsClarrifying": 2,
  "Availability": 2,
  "Choosing": 3,
  "Suggestions": "Bad"
},{
  "_id": {
    "$oid": "60ae4d8692e63921f4383712"
  },
  "studentId": 2,
  "techAssociateId": 9,
  "date": "10-03-2021",
  "subject": "MDDM",
  "helping": 1,
  "handling": 1,
  "guiding": 5,
  "DoubtsClarrifying": 2,
  "Availability": 2,
  "Choosing": 4,
  "Suggestions": "Very Good"
},{
  "_id": {
    "$oid": "60ae4d8692e63921f4383713"
  },
  "studentId": 26,
  "techAssociateId": 10,
  "date": "24-01-2021",
  "subject": "Microsoft Excel",
  "helping": 1,
  "handling": 5,
  "guiding": 1,
  "DoubtsClarrifying": 5,
  "Availability": 2,
  "Choosing": 5,
  "Suggestions": "Needs Imporvement"
},{
  "_id": {
    "$oid": "60ae4d8692e63921f4383714"
  },
  "studentId": 31,
  "techAssociateId": 10,
  "date": "14-02-2021",
  "subject": "Probability and Statistics",
  "helping": 1,
  "handling": 3,
  "guiding": 3,
  "DoubtsClarrifying": 1,
  "Availability": 4,
  "Choosing": 2,
  "Suggestions": "Exceptional"
},{
  "_id": {
    "$oid": "60ae4d8692e63921f4383715"
  },
  "studentId": 9,
  "techAssociateId": 12,
  "date": "12-01-2021",
  "subject": "MongoDB and NoSQL",
  "helping": 2,
  "handling": 3,
  "guiding": 3,
  "DoubtsClarrifying": 4,
  "Availability": 2,
  "Choosing": 4,
  "Suggestions": "Good"
},{
  "_id": {
    "$oid": "60ae4d8692e63921f4383716"
  },
  "studentId": 25,
  "techAssociateId": 3,
  "date": "12-01-2021",
  "subject": "SQL Server",
  "helping": 1,
  "handling": 5,
  "guiding": 4,
  "DoubtsClarrifying": 2,
  "Availability": 2,
  "Choosing": 2,
  "Suggestions": "Bad"
},{
  "_id": {
    "$oid": "60ae4d8692e63921f4383717"
  },
  "studentId": 31,
  "techAssociateId": 11,
  "date": "07-03-2021",
  "subject": "SSIS",
  "helping": 2,
  "handling": 5,
  "guiding": 4,
  "DoubtsClarrifying": 1,
  "Availability": 5,
  "Choosing": 3,
  "Suggestions": "Very Good"
},{
  "_id": {
    "$oid": "60ae4d8692e63921f4383718"
  },
  "studentId": 3,
  "techAssociateId": 4,
  "date": "21-02-2021",
  "subject": "SSAS",
  "helping": 3,
  "handling": 1,
  "guiding": 2,
  "DoubtsClarrifying": 5,
  "Availability": 3,
  "Choosing": 4,
  "Suggestions": "Needs Imporvement"
},{
  "_id": {
    "$oid": "60ae4d8692e63921f4383719"
  },
  "studentId": 5,
  "techAssociateId": 4,
  "date": "05-02-2021",
  "subject": "SSRS",
  "helping": 2,
  "handling": 4,
  "guiding": 1,
  "DoubtsClarrifying": 4,
  "Availability": 5,
  "Choosing": 2,
  "Suggestions": "Exceptional"
},{
  "_id": {
    "$oid": "60ae4d8692e63921f438371a"
  },
  "studentId": 14,
  "techAssociateId": 5,
  "date": "19-02-2021",
  "subject": "BI",
  "helping": 4,
  "handling": 1,
  "guiding": 2,
  "DoubtsClarrifying": 1,
  "Availability": 3,
  "Choosing": 3,
  "Suggestions": "Good"
},{
  "_id": {
    "$oid": "60ae4d8692e63921f438371b"
  },
  "studentId": 25,
  "techAssociateId": 5,
  "date": "27-02-2021",
  "subject": "Data Warehousing",
  "helping": 4,
  "handling": 2,
  "guiding": 5,
  "DoubtsClarrifying": 1,
  "Availability": 3,
  "Choosing": 5,
  "Suggestions": "Bad"
},{
  "_id": {
    "$oid": "60ae4d8692e63921f438371c"
  },
  "studentId": 22,
  "techAssociateId": 10,
  "date": "24-01-2021",
  "subject": "MDDM",
  "helping": 2,
  "handling": 5,
  "guiding": 4,
  "DoubtsClarrifying": 1,
  "Availability": 4,
  "Choosing": 5,
  "Suggestions": "Very Good"
},{
  "_id": {
    "$oid": "60ae4d8692e63921f438371d"
  },
  "studentId": 25,
  "techAssociateId": 10,
  "date": "17-02-2021",
  "subject": "Microsoft Excel",
  "helping": 4,
  "handling": 2,
  "guiding": 3,
  "DoubtsClarrifying": 1,
  "Availability": 4,
  "Choosing": 5,
  "Suggestions": "Needs Imporvement"
},{
  "_id": {
    "$oid": "60ae4d8692e63921f438371e"
  },
  "studentId": 10,
  "techAssociateId": 3,
  "date": "08-01-2021",
  "subject": "Probability and Statistics",
  "helping": 1,
  "handling": 3,
  "guiding": 1,
  "DoubtsClarrifying": 3,
  "Availability": 3,
  "Choosing": 5,
  "Suggestions": "Exceptional"
},{
  "_id": {
    "$oid": "60ae4d8692e63921f438371f"
  },
  "studentId": 4,
  "techAssociateId": 2,
  "date": "23-03-2021",
  "subject": "MongoDB and NoSQL",
  "helping": 5,
  "handling": 2,
  "guiding": 5,
  "DoubtsClarrifying": 2,
  "Availability": 3,
  "Choosing": 1,
  "Suggestions": "Good"
},{
  "_id": {
    "$oid": "60ae4d8692e63921f4383720"
  },
  "studentId": 27,
  "techAssociateId": 7,
  "date": "02-03-2021",
  "subject": "SQL Server",
  "helping": 3,
  "handling": 5,
  "guiding": 1,
  "DoubtsClarrifying": 2,
  "Availability": 3,
  "Choosing": 2,
  "Suggestions": "Bad"
},{
  "_id": {
    "$oid": "60ae4d8692e63921f4383721"
  },
  "studentId": 2,
  "techAssociateId": 12,
  "date": "24-03-2021",
  "subject": "SSIS",
  "helping": 3,
  "handling": 2,
  "guiding": 5,
  "DoubtsClarrifying": 4,
  "Availability": 3,
  "Choosing": 5,
  "Suggestions": "Very Good"
},{
  "_id": {
    "$oid": "60ae4d8692e63921f4383722"
  },
  "studentId": 21,
  "techAssociateId": 5,
  "date": "04-02-2021",
  "subject": "SSAS",
  "helping": 3,
  "handling": 5,
  "guiding": 5,
  "DoubtsClarrifying": 3,
  "Availability": 5,
  "Choosing": 2,
  "Suggestions": "Needs Imporvement"
},{
  "_id": {
    "$oid": "60ae4d8692e63921f4383723"
  },
  "studentId": 16,
  "techAssociateId": 1,
  "date": "27-02-2021",
  "subject": "SSRS",
  "helping": 4,
  "handling": 2,
  "guiding": 3,
  "DoubtsClarrifying": 2,
  "Availability": 4,
  "Choosing": 2,
  "Suggestions": "Exceptional"
},{
  "_id": {
    "$oid": "60ae4d8692e63921f4383724"
  },
  "studentId": 27,
  "techAssociateId": 6,
  "date": "22-03-2021",
  "subject": "BI",
  "helping": 4,
  "handling": 4,
  "guiding": 5,
  "DoubtsClarrifying": 5,
  "Availability": 3,
  "Choosing": 5,
  "Suggestions": "Good"
},{
  "_id": {
    "$oid": "60ae4d8692e63921f4383725"
  },
  "studentId": 21,
  "techAssociateId": 4,
  "date": "23-02-2021",
  "subject": "Data Warehousing",
  "helping": 2,
  "handling": 1,
  "guiding": 4,
  "DoubtsClarrifying": 4,
  "Availability": 3,
  "Choosing": 4,
  "Suggestions": "Bad"
},{
  "_id": {
    "$oid": "60ae4d8692e63921f4383726"
  },
  "studentId": 30,
  "techAssociateId": 10,
  "date": "01-02-2021",
  "subject": "MDDM",
  "helping": 4,
  "handling": 4,
  "guiding": 1,
  "DoubtsClarrifying": 2,
  "Availability": 4,
  "Choosing": 2,
  "Suggestions": "Very Good"
},{
  "_id": {
    "$oid": "60ae4d8692e63921f4383727"
  },
  "studentId": 4,
  "techAssociateId": 10,
  "date": "03-03-2021",
  "subject": "Microsoft Excel",
  "helping": 5,
  "handling": 5,
  "guiding": 1,
  "DoubtsClarrifying": 1,
  "Availability": 4,
  "Choosing": 5,
  "Suggestions": "Needs Imporvement"
},{
  "_id": {
    "$oid": "60ae4d8692e63921f4383728"
  },
  "studentId": 21,
  "techAssociateId": 11,
  "date": "30-01-2021",
  "subject": "Probability and Statistics",
  "helping": 5,
  "handling": 3,
  "guiding": 2,
  "DoubtsClarrifying": 1,
  "Availability": 3,
  "Choosing": 5,
  "Suggestions": "Exceptional"
},{
  "_id": {
    "$oid": "60ae4d8692e63921f4383729"
  },
  "studentId": 17,
  "techAssociateId": 1,
  "date": "05-01-2021",
  "subject": "MongoDB and NoSQL",
  "helping": 5,
  "handling": 4,
  "guiding": 3,
  "DoubtsClarrifying": 1,
  "Availability": 1,
  "Choosing": 5,
  "Suggestions": "Good"
},{
  "_id": {
    "$oid": "60ae4d8692e63921f438372a"
  },
  "studentId": 8,
  "techAssociateId": 4,
  "date": "01-03-2021",
  "subject": "SQL Server",
  "helping": 5,
  "handling": 3,
  "guiding": 2,
  "DoubtsClarrifying": 2,
  "Availability": 5,
  "Choosing": 2,
  "Suggestions": "Bad"
},{
  "_id": {
    "$oid": "60ae4d8692e63921f438372b"
  },
  "studentId": 27,
  "techAssociateId": 6,
  "date": "11-02-2021",
  "subject": "SSIS",
  "helping": 1,
  "handling": 1,
  "guiding": 1,
  "DoubtsClarrifying": 5,
  "Availability": 1,
  "Choosing": 4,
  "Suggestions": "Very Good"
},{
  "_id": {
    "$oid": "60ae4d8692e63921f438372c"
  },
  "studentId": 9,
  "techAssociateId": 7,
  "date": "15-03-2021",
  "subject": "SSAS",
  "helping": 1,
  "handling": 3,
  "guiding": 1,
  "DoubtsClarrifying": 4,
  "Availability": 3,
  "Choosing": 1,
  "Suggestions": "Needs Imporvement"
},{
  "_id": {
    "$oid": "60ae4d8692e63921f438372d"
  },
  "studentId": 22,
  "techAssociateId": 5,
  "date": "20-01-2021",
  "subject": "SSRS",
  "helping": 4,
  "handling": 2,
  "guiding": 4,
  "DoubtsClarrifying": 4,
  "Availability": 5,
  "Choosing": 1,
  "Suggestions": "Exceptional"
},{
  "_id": {
    "$oid": "60ae4d8692e63921f438372e"
  },
  "studentId": 14,
  "techAssociateId": 4,
  "date": "30-01-2021",
  "subject": "BI",
  "helping": 4,
  "handling": 3,
  "guiding": 4,
  "DoubtsClarrifying": 3,
  "Availability": 5,
  "Choosing": 5,
  "Suggestions": "Good"
},{
  "_id": {
    "$oid": "60ae4d8692e63921f438372f"
  },
  "studentId": 13,
  "techAssociateId": 11,
  "date": "14-02-2021",
  "subject": "Data Warehousing",
  "helping": 5,
  "handling": 2,
  "guiding": 3,
  "DoubtsClarrifying": 1,
  "Availability": 1,
  "Choosing": 1,
  "Suggestions": "Bad"
},{
  "_id": {
    "$oid": "60ae4d8692e63921f4383730"
  },
  "studentId": 30,
  "techAssociateId": 10,
  "date": "14-03-2021",
  "subject": "MDDM",
  "helping": 5,
  "handling": 1,
  "guiding": 3,
  "DoubtsClarrifying": 4,
  "Availability": 5,
  "Choosing": 5,
  "Suggestions": "Very Good"
},{
  "_id": {
    "$oid": "60ae4d8692e63921f4383731"
  },
  "studentId": 19,
  "techAssociateId": 1,
  "date": "14-02-2021",
  "subject": "Microsoft Excel",
  "helping": 2,
  "handling": 3,
  "guiding": 1,
  "DoubtsClarrifying": 5,
  "Availability": 3,
  "Choosing": 4,
  "Suggestions": "Needs Imporvement"
},{
  "_id": {
    "$oid": "60ae4d8692e63921f4383732"
  },
  "studentId": 30,
  "techAssociateId": 11,
  "date": "21-02-2021",
  "subject": "Probability and Statistics",
  "helping": 5,
  "handling": 2,
  "guiding": 2,
  "DoubtsClarrifying": 2,
  "Availability": 1,
  "Choosing": 4,
  "Suggestions": "Exceptional"
},{
  "_id": {
    "$oid": "60ae4d8692e63921f4383733"
  },
  "studentId": 7,
  "techAssociateId": 8,
  "date": "25-01-2021",
  "subject": "MongoDB and NoSQL",
  "helping": 5,
  "handling": 3,
  "guiding": 1,
  "DoubtsClarrifying": 4,
  "Availability": 1,
  "Choosing": 3,
  "Suggestions": "Good"
},{
  "_id": {
    "$oid": "60ae4d8692e63921f4383734"
  },
  "studentId": 12,
  "techAssociateId": 3,
  "date": "23-03-2021",
  "subject": "SQL Server",
  "helping": 4,
  "handling": 4,
  "guiding": 5,
  "DoubtsClarrifying": 1,
  "Availability": 4,
  "Choosing": 3,
  "Suggestions": "Bad"
},{
  "_id": {
    "$oid": "60ae4d8692e63921f4383735"
  },
  "studentId": 26,
  "techAssociateId": 2,
  "date": "29-03-2021",
  "subject": "SSIS",
  "helping": 4,
  "handling": 2,
  "guiding": 3,
  "DoubtsClarrifying": 4,
  "Availability": 3,
  "Choosing": 4,
  "Suggestions": "Very Good"
},{
  "_id": {
    "$oid": "60ae4d8692e63921f4383736"
  },
  "studentId": 21,
  "techAssociateId": 5,
  "date": "01-02-2021",
  "subject": "SSAS",
  "helping": 5,
  "handling": 2,
  "guiding": 4,
  "DoubtsClarrifying": 5,
  "Availability": 5,
  "Choosing": 2,
  "Suggestions": "Needs Imporvement"
},{
  "_id": {
    "$oid": "60ae4d8692e63921f4383737"
  },
  "studentId": 1,
  "techAssociateId": 4,
  "date": "16-03-2021",
  "subject": "SSRS",
  "helping": 5,
  "handling": 1,
  "guiding": 3,
  "DoubtsClarrifying": 2,
  "Availability": 4,
  "Choosing": 5,
  "Suggestions": "Exceptional"
},{
  "_id": {
    "$oid": "60ae4d8692e63921f4383738"
  },
  "studentId": 10,
  "techAssociateId": 3,
  "date": "18-01-2021",
  "subject": "BI",
  "helping": 5,
  "handling": 4,
  "guiding": 4,
  "DoubtsClarrifying": 2,
  "Availability": 1,
  "Choosing": 3,
  "Suggestions": "Good"
},{
  "_id": {
    "$oid": "60ae4d8692e63921f4383739"
  },
  "studentId": 20,
  "techAssociateId": 11,
  "date": "02-01-2021",
  "subject": "Data Warehousing",
  "helping": 5,
  "handling": 2,
  "guiding": 4,
  "DoubtsClarrifying": 5,
  "Availability": 1,
  "Choosing": 1,
  "Suggestions": "Bad"
},{
  "_id": {
    "$oid": "60ae4d8692e63921f438373a"
  },
  "studentId": 17,
  "techAssociateId": 7,
  "date": "10-01-2021",
  "subject": "MDDM",
  "helping": 3,
  "handling": 3,
  "guiding": 3,
  "DoubtsClarrifying": 3,
  "Availability": 5,
  "Choosing": 2,
  "Suggestions": "Very Good"
},{
  "_id": {
    "$oid": "60ae4d8692e63921f438373b"
  },
  "studentId": 28,
  "techAssociateId": 6,
  "date": "27-02-2021",
  "subject": "Microsoft Excel",
  "helping": 4,
  "handling": 4,
  "guiding": 5,
  "DoubtsClarrifying": 5,
  "Availability": 5,
  "Choosing": 1,
  "Suggestions": "Needs Imporvement"
},{
  "_id": {
    "$oid": "60ae4d8692e63921f438373c"
  },
  "studentId": 16,
  "techAssociateId": 7,
  "date": "18-01-2021",
  "subject": "Probability and Statistics",
  "helping": 1,
  "handling": 5,
  "guiding": 1,
  "DoubtsClarrifying": 4,
  "Availability": 2,
  "Choosing": 2,
  "Suggestions": "Exceptional"
},{
  "_id": {
    "$oid": "60ae4d8692e63921f438373d"
  },
  "studentId": 1,
  "techAssociateId": 10,
  "date": "03-02-2021",
  "subject": "MongoDB and NoSQL",
  "helping": 5,
  "handling": 4,
  "guiding": 2,
  "DoubtsClarrifying": 5,
  "Availability": 5,
  "Choosing": 5,
  "Suggestions": "Good"
},{
  "_id": {
    "$oid": "60ae4d8692e63921f438373e"
  },
  "studentId": 16,
  "techAssociateId": 9,
  "date": "20-02-2021",
  "subject": "SQL Server",
  "helping": 4,
  "handling": 3,
  "guiding": 2,
  "DoubtsClarrifying": 4,
  "Availability": 1,
  "Choosing": 5,
  "Suggestions": "Bad"
},{
  "_id": {
    "$oid": "60ae4d8692e63921f438373f"
  },
  "studentId": 21,
  "techAssociateId": 9,
  "date": "03-01-2021",
  "subject": "SSIS",
  "helping": 1,
  "handling": 1,
  "guiding": 3,
  "DoubtsClarrifying": 1,
  "Availability": 1,
  "Choosing": 3,
  "Suggestions": "Very Good"
},{
  "_id": {
    "$oid": "60ae4d8692e63921f4383740"
  },
  "studentId": 9,
  "techAssociateId": 6,
  "date": "19-03-2021",
  "subject": "SSAS",
  "helping": 3,
  "handling": 2,
  "guiding": 5,
  "DoubtsClarrifying": 4,
  "Availability": 2,
  "Choosing": 5,
  "Suggestions": "Needs Imporvement"
},{
  "_id": {
    "$oid": "60ae4d8692e63921f4383741"
  },
  "studentId": 9,
  "techAssociateId": 10,
  "date": "23-02-2021",
  "subject": "SSRS",
  "helping": 2,
  "handling": 3,
  "guiding": 1,
  "DoubtsClarrifying": 3,
  "Availability": 4,
  "Choosing": 1,
  "Suggestions": "Exceptional"
},{
  "_id": {
    "$oid": "60af514f00f2393b54116399"
  },
  "studentId": 1,
  "date": "2021-05-27",
  "techAssociateId": 101,
  "subject": "MS SQL",
  "helping": 3,
  "handling": 3,
  "guiding": 3,
  "Availability": 3,
  "Choosing": 4,
  "Suggestions": "hello"
},{
  "_id": {
    "$oid": "60af63827c94333bdc2e087f"
  },
  "studentId": 2,
  "date": "2021-05-27",
  "techAssociateId": 101,
  "subject": "MS SQL",
  "helping": 4,
  "handling": 3,
  "Suggestions": "yugyfyt"
},{
  "_id": {
    "$oid": "60af64d07c94333bdc2e0880"
  },
  "studentId": 3,
  "date": "2021-05-27",
  "techAssociateId": 101,
  "subject": "MS SQL",
  "helping": 1,
  "handling": 5,
  "guiding": 2,
  "Availability": 3,
  "Choosing": 4,
  "Suggestions": "hjgt"
}]