[{
  "_id": {
    "$oid": "60ae510692e63921f4383742"
  },
  "Educator_Id": 1,
  "Gender": "F",
  "Manager_Id": 1,
  "Name": "Anandhi",
  "Course": "Intro To BI",
  "Username": "Anandhi.EDU",
  "Password": "Infy@123"
},{
  "_id": {
    "$oid": "60ae510692e63921f4383743"
  },
  "Educator_Id": 2,
  "Gender": "M",
  "Manager_Id": 1,
  "Name": "Balu",
  "Course": "Data Ware House",
  "Username": "Balu.EDU",
  "Password": "Infy@123"
},{
  "_id": {
    "$oid": "60ae510692e63921f4383744"
  },
  "Educator_Id": 3,
  "Gender": "M",
  "Manager_Id": 1,
  "Name": "Charan",
  "Course": "MS Excel",
  "Username": "Charan.EDU",
  "Password": "Infy@123"
},{
  "_id": {
    "$oid": "60ae510692e63921f4383745"
  },
  "Educator_Id": 4,
  "Gender": "F",
  "Manager_Id": 2,
  "Name": "Devi",
  "Course": "Probablility",
  "Username": "Devi.EDU",
  "Password": "Infy@123"
},{
  "_id": {
    "$oid": "60ae510692e63921f4383746"
  },
  "Educator_Id": 5,
  "Gender": "M",
  "Manager_Id": 2,
  "Name": "Eshwar",
  "Course": "Statistics",
  "Username": "Eshwar.EDU",
  "Password": "Infy@123"
},{
  "_id": {
    "$oid": "60ae510692e63921f4383747"
  },
  "Educator_Id": 6,
  "Gender": "F",
  "Manager_Id": 2,
  "Name": "Farheena",
  "Course": "MS SQL",
  "Username": "Farheena.EDU",
  "Password": "Infy@123"
},{
  "_id": {
    "$oid": "60ae510692e63921f4383748"
  },
  "Educator_Id": 7,
  "Gender": "M",
  "Manager_Id": 3,
  "Name": "Gowtham",
  "Course": "MDDM",
  "Username": "Gowtham.EDU",
  "Password": "Infy@123"
},{
  "_id": {
    "$oid": "60ae510692e63921f4383749"
  },
  "Educator_Id": 8,
  "Gender": "M",
  "Manager_Id": 3,
  "Name": "HarshaVardhan",
  "Course": "NO SQL and MongoDB",
  "Username": "HarshaVardhan.EDU",
  "Password": "Infy@123"
},{
  "_id": {
    "$oid": "60ae510692e63921f438374a"
  },
  "Educator_Id": 9,
  "Gender": "F",
  "Manager_Id": 3,
  "Name": "Indhu",
  "Course": "SSIS",
  "Username": "Indhu.EDU",
  "Password": "Infy@123"
},{
  "_id": {
    "$oid": "60ae510692e63921f438374b"
  },
  "Educator_Id": 10,
  "Gender": "M",
  "Manager_Id": 4,
  "Name": "Jashwanth",
  "Course": "SSAS",
  "Username": "Jashwanth.EDU",
  "Password": "Infy@123"
},{
  "_id": {
    "$oid": "60ae510692e63921f438374c"
  },
  "Educator_Id": 11,
  "Gender": "F",
  "Manager_Id": 4,
  "Name": "Karthika",
  "Course": "SSRS",
  "Username": "Karthika.EDU",
  "Password": "Infy@123"
},{
  "_id": {
    "$oid": "60ae510692e63921f438374d"
  },
  "Educator_Id": 12,
  "Gender": "M",
  "Manager_Id": 4,
  "Name": "Lokesh",
  "Course": "Into to Agile",
  "Username": "Lokesh.EDU",
  "Password": "Infy@123"
},{
  "_id": {
    "$oid": "60af23bad08122325cb3725a"
  },
  "Educator_Id": 101,
  "Name": "Nymisha",
  "Manager_Id": 2,
  "Password": "Infy@123",
  "UserName": "Nymisha.EDU",
  "Course": "AI",
  "Gender": "F"
},{
  "_id": {
    "$oid": "60afa3607b08e612c415a19e"
  },
  "Educator_Id": 101,
  "Name": "jashwanthi",
  "Manager_Id": 2,
  "Password": "Infy@123",
  "UserName": "jashwanthi.EDU",
  "Course": "AI",
  "Gender": "F"
}]